-- MySQL dump 10.13  Distrib 8.0.30, for Win64 (x86_64)
--
-- Host: localhost    Database: gubook
-- ------------------------------------------------------
-- Server version	8.0.30

/*!40101 SET @OLD_CHARACTER_SET_CLIENT=@@CHARACTER_SET_CLIENT */;
/*!40101 SET @OLD_CHARACTER_SET_RESULTS=@@CHARACTER_SET_RESULTS */;
/*!40101 SET @OLD_COLLATION_CONNECTION=@@COLLATION_CONNECTION */;
/*!50503 SET NAMES utf8mb4 */;
/*!40103 SET @OLD_TIME_ZONE=@@TIME_ZONE */;
/*!40103 SET TIME_ZONE='+00:00' */;
/*!40014 SET @OLD_UNIQUE_CHECKS=@@UNIQUE_CHECKS, UNIQUE_CHECKS=0 */;
/*!40014 SET @OLD_FOREIGN_KEY_CHECKS=@@FOREIGN_KEY_CHECKS, FOREIGN_KEY_CHECKS=0 */;
/*!40101 SET @OLD_SQL_MODE=@@SQL_MODE, SQL_MODE='NO_AUTO_VALUE_ON_ZERO' */;
/*!40111 SET @OLD_SQL_NOTES=@@SQL_NOTES, SQL_NOTES=0 */;

--
-- Table structure for table `cache`
--

DROP TABLE IF EXISTS `cache`;
/*!40101 SET @saved_cs_client     = @@character_set_client */;
/*!50503 SET character_set_client = utf8mb4 */;
CREATE TABLE `cache` (
  `key` varchar(255) NOT NULL,
  `value` mediumtext NOT NULL,
  `expiration` int NOT NULL,
  PRIMARY KEY (`key`)
) ENGINE=InnoDB DEFAULT CHARSET=utf8mb4 COLLATE=utf8mb4_0900_ai_ci;
/*!40101 SET character_set_client = @saved_cs_client */;

--
-- Dumping data for table `cache`
--

LOCK TABLES `cache` WRITE;
/*!40000 ALTER TABLE `cache` DISABLE KEYS */;
INSERT INTO `cache` VALUES ('ani@gmail.com|127.0.0.1','i:1;',1725351250),('ani@gmail.com|127.0.0.1:timer','i:1725351250;',1725351250),('fo@gmail.com|127.0.0.1','i:2;',1726279520),('fo@gmail.com|127.0.0.1:timer','i:1726279520;',1726279520),('luthfi1304@gmail.com|127.0.0.1','i:1;',1725351267),('luthfi1304@gmail.com|127.0.0.1:timer','i:1725351267;',1725351267),('luthfiy1304@gmail.com.com|127.0.0.1','i:1;',1725351346),('luthfiy1304@gmail.com.com|127.0.0.1:timer','i:1725351346;',1725351346);
/*!40000 ALTER TABLE `cache` ENABLE KEYS */;
UNLOCK TABLES;

--
-- Table structure for table `cache_locks`
--

DROP TABLE IF EXISTS `cache_locks`;
/*!40101 SET @saved_cs_client     = @@character_set_client */;
/*!50503 SET character_set_client = utf8mb4 */;
CREATE TABLE `cache_locks` (
  `key` varchar(255) NOT NULL,
  `owner` varchar(255) NOT NULL,
  `expiration` int NOT NULL,
  PRIMARY KEY (`key`)
) ENGINE=InnoDB DEFAULT CHARSET=utf8mb4 COLLATE=utf8mb4_0900_ai_ci;
/*!40101 SET character_set_client = @saved_cs_client */;

--
-- Dumping data for table `cache_locks`
--

LOCK TABLES `cache_locks` WRITE;
/*!40000 ALTER TABLE `cache_locks` DISABLE KEYS */;
/*!40000 ALTER TABLE `cache_locks` ENABLE KEYS */;
UNLOCK TABLES;

--
-- Table structure for table `ekspedisi`
--

DROP TABLE IF EXISTS `ekspedisi`;
/*!40101 SET @saved_cs_client     = @@character_set_client */;
/*!50503 SET character_set_client = utf8mb4 */;
CREATE TABLE `ekspedisi` (
  `id_ekspedisi` varchar(255) NOT NULL,
  `nama_kurir` varchar(255) NOT NULL,
  `ekspedisi` varchar(255) NOT NULL,
  `created_at` timestamp NULL DEFAULT NULL,
  `updated_at` timestamp NULL DEFAULT NULL,
  `no_telp` varchar(255) NOT NULL,
  PRIMARY KEY (`id_ekspedisi`)
) ENGINE=InnoDB DEFAULT CHARSET=utf8mb4 COLLATE=utf8mb4_0900_ai_ci;
/*!40101 SET character_set_client = @saved_cs_client */;

--
-- Dumping data for table `ekspedisi`
--

LOCK TABLES `ekspedisi` WRITE;
/*!40000 ALTER TABLE `ekspedisi` DISABLE KEYS */;
INSERT INTO `ekspedisi` VALUES ('EKS_001','ivan','JNE','2024-08-06 13:34:01','2024-08-06 13:34:01',''),('EKS_002','luthfi','J&T','2024-08-06 13:40:40','2024-08-06 13:40:40',''),('EKS_003','ihan','POS Indonesia','2024-08-06 13:46:46','2024-08-06 13:46:46',''),('EKS_004','ihan','POS Indonesia','2024-08-06 13:48:38','2024-08-06 13:48:38',''),('EKS_005','irmabaikhati','J&T','2024-08-06 13:50:02','2024-08-06 13:50:02',''),('EKS_006','luthfi','JNE','2024-08-07 03:38:25','2024-08-07 03:38:25',''),('EKS_007','upi','Shopee','2024-08-07 03:51:13','2024-08-07 03:51:13',''),('EKS_008','ms terius','JNE','2024-08-10 01:01:42','2024-08-10 01:01:42','098711890218'),('EKS_009','budi','JNE','2024-08-13 05:53:49','2024-08-13 05:53:49','098711890218'),('EKS_010','safoy','TiKi','2024-08-13 08:09:10','2024-08-13 08:09:10','098711890218'),('EKS_011','sasa','J&T','2024-08-13 08:10:53','2024-08-13 08:10:53','0876421235'),('EKS_012','ihan','other','2024-08-27 03:48:10','2024-08-27 03:48:10','087756328790'),('EKS_013','ihan','hhhhh','2024-08-27 03:53:19','2024-08-27 03:53:19','098137619819'),('EKS_014','ivan','J&T','2024-08-27 04:05:19','2024-08-27 04:05:19','098137619819'),('EKS_015','blep','JNE','2024-09-14 13:29:14','2024-09-14 13:29:14','081253081198'),('EKS_016','blep','JNE','2024-09-14 13:29:19','2024-09-14 13:29:19','081253081198'),('EKS_017','luthfi','POS Indonesia','2024-09-17 01:25:16','2024-09-17 01:25:16','085795036846'),('EKS_018','luthfi','POS Indonesia','2024-09-17 01:25:25','2024-09-17 01:25:25','085795036846'),('EKS_019','luthfi','J&T','2024-09-17 01:26:16','2024-09-17 01:26:16','09876545356'),('EKS_020','ivan','J&T','2024-09-17 01:30:03','2024-09-17 01:30:03','0892864891'),('EKS_021','luthfi','POS Indonesia','2024-09-17 01:31:22','2024-09-17 01:31:22','081253081198'),('EKS_022','ivan','JNE','2024-09-17 01:35:09','2024-09-17 01:35:09','09876545356'),('EKS_023','luthfi','JNE','2024-09-17 01:36:34','2024-09-17 01:36:34','085795036846'),('EKS_024','luthfi','JNE','2024-09-17 01:36:41','2024-09-17 01:36:41','085795036846'),('EKS_025','luthfi','JNE','2024-09-17 01:40:43','2024-09-17 01:40:43','081253081198'),('EKS_026','ivan','J&T','2024-09-17 01:43:52','2024-09-17 01:43:52','0987328923'),('EKS_027','luthfi','J&T','2024-09-17 01:49:25','2024-09-17 01:49:25','0892864891'),('EKS_028','ivan','J&T','2024-09-17 01:56:11','2024-09-17 01:56:11','09876545356'),('EKS_029','luthfi','J&T','2024-09-17 01:59:54','2024-09-17 01:59:54','0892864891'),('EKS_030','luthfi','J&T','2024-09-17 02:00:29','2024-09-17 02:00:29','0892864891'),('EKS_031','luthfi','POS Indonesia','2024-09-17 02:04:14','2024-09-17 02:04:14','081253081198'),('EKS_032','budi','POS Indonesia','2024-09-17 02:07:45','2024-09-17 02:07:45','09876545356'),('EKS_033','budi','POS Indonesia','2024-09-17 02:12:09','2024-09-17 02:12:09','09876545356'),('EKS_034','ivan','JNE','2024-09-17 02:30:56','2024-09-17 02:30:56','09876545356'),('EKS_035','luthfi','JNE','2024-09-17 02:32:30','2024-09-17 02:32:30','0892864891'),('EKS_036','luthfi','JNE','2024-09-17 02:34:29','2024-09-17 02:34:29','09876545356'),('EKS_037','luthfi','JNE','2024-09-17 02:34:36','2024-09-17 02:34:36','09876545356'),('EKS_038','budi','J&T','2024-09-17 02:36:51','2024-09-17 02:36:51','0987328923'),('EKS_039','luthfi','POS Indonesia','2024-09-17 02:47:11','2024-09-17 02:47:11','081253081198'),('EKS_040','luthfi','JNE','2024-09-17 14:22:34','2024-09-17 14:22:34','085795036846'),('EKS_041','ms terius','JNE','2024-09-17 14:23:16','2024-09-17 14:23:16','09876545356');
/*!40000 ALTER TABLE `ekspedisi` ENABLE KEYS */;
UNLOCK TABLES;

--
-- Table structure for table `failed_jobs`
--

DROP TABLE IF EXISTS `failed_jobs`;
/*!40101 SET @saved_cs_client     = @@character_set_client */;
/*!50503 SET character_set_client = utf8mb4 */;
CREATE TABLE `failed_jobs` (
  `id` bigint unsigned NOT NULL AUTO_INCREMENT,
  `uuid` varchar(255) NOT NULL,
  `connection` text NOT NULL,
  `queue` text NOT NULL,
  `payload` longtext NOT NULL,
  `exception` longtext NOT NULL,
  `failed_at` timestamp NOT NULL DEFAULT CURRENT_TIMESTAMP,
  PRIMARY KEY (`id`),
  UNIQUE KEY `failed_jobs_uuid_unique` (`uuid`)
) ENGINE=InnoDB DEFAULT CHARSET=utf8mb4 COLLATE=utf8mb4_0900_ai_ci;
/*!40101 SET character_set_client = @saved_cs_client */;

--
-- Dumping data for table `failed_jobs`
--

LOCK TABLES `failed_jobs` WRITE;
/*!40000 ALTER TABLE `failed_jobs` DISABLE KEYS */;
/*!40000 ALTER TABLE `failed_jobs` ENABLE KEYS */;
UNLOCK TABLES;

--
-- Table structure for table `job_batches`
--

DROP TABLE IF EXISTS `job_batches`;
/*!40101 SET @saved_cs_client     = @@character_set_client */;
/*!50503 SET character_set_client = utf8mb4 */;
CREATE TABLE `job_batches` (
  `id` varchar(255) NOT NULL,
  `name` varchar(255) NOT NULL,
  `total_jobs` int NOT NULL,
  `pending_jobs` int NOT NULL,
  `failed_jobs` int NOT NULL,
  `failed_job_ids` longtext NOT NULL,
  `options` mediumtext,
  `cancelled_at` int DEFAULT NULL,
  `created_at` int NOT NULL,
  `finished_at` int DEFAULT NULL,
  PRIMARY KEY (`id`)
) ENGINE=InnoDB DEFAULT CHARSET=utf8mb4 COLLATE=utf8mb4_0900_ai_ci;
/*!40101 SET character_set_client = @saved_cs_client */;

--
-- Dumping data for table `job_batches`
--

LOCK TABLES `job_batches` WRITE;
/*!40000 ALTER TABLE `job_batches` DISABLE KEYS */;
/*!40000 ALTER TABLE `job_batches` ENABLE KEYS */;
UNLOCK TABLES;

--
-- Table structure for table `jobs`
--

DROP TABLE IF EXISTS `jobs`;
/*!40101 SET @saved_cs_client     = @@character_set_client */;
/*!50503 SET character_set_client = utf8mb4 */;
CREATE TABLE `jobs` (
  `id` bigint unsigned NOT NULL AUTO_INCREMENT,
  `queue` varchar(255) NOT NULL,
  `payload` longtext NOT NULL,
  `attempts` tinyint unsigned NOT NULL,
  `reserved_at` int unsigned DEFAULT NULL,
  `available_at` int unsigned NOT NULL,
  `created_at` int unsigned NOT NULL,
  PRIMARY KEY (`id`),
  KEY `jobs_queue_index` (`queue`)
) ENGINE=InnoDB AUTO_INCREMENT=6 DEFAULT CHARSET=utf8mb4 COLLATE=utf8mb4_0900_ai_ci;
/*!40101 SET character_set_client = @saved_cs_client */;

--
-- Dumping data for table `jobs`
--

LOCK TABLES `jobs` WRITE;
/*!40000 ALTER TABLE `jobs` DISABLE KEYS */;
INSERT INTO `jobs` VALUES (4,'default','{\"uuid\":\"e0ec2f04-19e4-414e-9254-d2463728a3d6\",\"displayName\":\"App\\\\Mail\\\\pegawaiMail\",\"job\":\"Illuminate\\\\Queue\\\\CallQueuedHandler@call\",\"maxTries\":null,\"maxExceptions\":null,\"failOnTimeout\":false,\"backoff\":null,\"timeout\":null,\"retryUntil\":null,\"data\":{\"commandName\":\"Illuminate\\\\Mail\\\\SendQueuedMailable\",\"command\":\"O:34:\\\"Illuminate\\\\Mail\\\\SendQueuedMailable\\\":15:{s:8:\\\"mailable\\\";O:20:\\\"App\\\\Mail\\\\pegawaiMail\\\":3:{s:14:\\\"kedatanganTamu\\\";O:45:\\\"Illuminate\\\\Contracts\\\\Database\\\\ModelIdentifier\\\":5:{s:5:\\\"class\\\";s:25:\\\"App\\\\Models\\\\KedatanganTamu\\\";s:2:\\\"id\\\";s:7:\\\"KDT_053\\\";s:9:\\\"relations\\\";a:0:{}s:10:\\\"connection\\\";s:5:\\\"mysql\\\";s:15:\\\"collectionClass\\\";N;}s:2:\\\"to\\\";a:1:{i:0;a:2:{s:4:\\\"name\\\";N;s:7:\\\"address\\\";s:21:\\\"luthfiy1304@gmail.com\\\";}}s:6:\\\"mailer\\\";s:3:\\\"log\\\";}s:5:\\\"tries\\\";N;s:7:\\\"timeout\\\";N;s:13:\\\"maxExceptions\\\";N;s:17:\\\"shouldBeEncrypted\\\";b:0;s:10:\\\"connection\\\";N;s:5:\\\"queue\\\";N;s:5:\\\"delay\\\";N;s:11:\\\"afterCommit\\\";N;s:10:\\\"middleware\\\";a:0:{}s:7:\\\"chained\\\";a:0:{}s:15:\\\"chainConnection\\\";N;s:10:\\\"chainQueue\\\";N;s:19:\\\"chainCatchCallbacks\\\";N;s:3:\\\"job\\\";N;}\"}}',0,NULL,1726580143,1726580143),(5,'default','{\"uuid\":\"cfb7ff37-127c-4258-92d8-e27b44b7c631\",\"displayName\":\"App\\\\Mail\\\\pegawaiMail\",\"job\":\"Illuminate\\\\Queue\\\\CallQueuedHandler@call\",\"maxTries\":null,\"maxExceptions\":null,\"failOnTimeout\":false,\"backoff\":null,\"timeout\":null,\"retryUntil\":null,\"data\":{\"commandName\":\"Illuminate\\\\Mail\\\\SendQueuedMailable\",\"command\":\"O:34:\\\"Illuminate\\\\Mail\\\\SendQueuedMailable\\\":15:{s:8:\\\"mailable\\\";O:20:\\\"App\\\\Mail\\\\pegawaiMail\\\":3:{s:14:\\\"kedatanganTamu\\\";O:45:\\\"Illuminate\\\\Contracts\\\\Database\\\\ModelIdentifier\\\":5:{s:5:\\\"class\\\";s:25:\\\"App\\\\Models\\\\KedatanganTamu\\\";s:2:\\\"id\\\";s:7:\\\"KDT_054\\\";s:9:\\\"relations\\\";a:0:{}s:10:\\\"connection\\\";s:5:\\\"mysql\\\";s:15:\\\"collectionClass\\\";N;}s:2:\\\"to\\\";a:1:{i:0;a:2:{s:4:\\\"name\\\";N;s:7:\\\"address\\\";s:21:\\\"luthfiy1304@gmail.com\\\";}}s:6:\\\"mailer\\\";s:3:\\\"log\\\";}s:5:\\\"tries\\\";N;s:7:\\\"timeout\\\";N;s:13:\\\"maxExceptions\\\";N;s:17:\\\"shouldBeEncrypted\\\";b:0;s:10:\\\"connection\\\";N;s:5:\\\"queue\\\";N;s:5:\\\"delay\\\";N;s:11:\\\"afterCommit\\\";N;s:10:\\\"middleware\\\";a:0:{}s:7:\\\"chained\\\";a:0:{}s:15:\\\"chainConnection\\\";N;s:10:\\\"chainQueue\\\";N;s:19:\\\"chainCatchCallbacks\\\";N;s:3:\\\"job\\\";N;}\"}}',0,NULL,1726580380,1726580380);
/*!40000 ALTER TABLE `jobs` ENABLE KEYS */;
UNLOCK TABLES;

--
-- Table structure for table `kedatangan_ekspedisi`
--

DROP TABLE IF EXISTS `kedatangan_ekspedisi`;
/*!40101 SET @saved_cs_client     = @@character_set_client */;
/*!50503 SET character_set_client = utf8mb4 */;
CREATE TABLE `kedatangan_ekspedisi` (
  `id_kedatanganEkspedisi` varchar(255) NOT NULL,
  `id_ekspedisi` varchar(255) NOT NULL,
  `id_pegawai` varchar(255) NOT NULL,
  `id_user` bigint unsigned NOT NULL,
  `foto` varchar(255) NOT NULL,
  `tanggal_waktu` datetime NOT NULL,
  `created_at` timestamp NULL DEFAULT NULL,
  `updated_at` timestamp NULL DEFAULT NULL,
  PRIMARY KEY (`id_kedatanganEkspedisi`),
  KEY `kedatangan_ekspedisi_id_ekspedisi_foreign` (`id_ekspedisi`),
  KEY `kedatangan_ekspedisi_id_pegawai_foreign` (`id_pegawai`),
  KEY `kedatangan_ekspedisi_id_user_foreign` (`id_user`),
  CONSTRAINT `kedatangan_ekspedisi_id_ekspedisi_foreign` FOREIGN KEY (`id_ekspedisi`) REFERENCES `ekspedisi` (`id_ekspedisi`) ON DELETE CASCADE,
  CONSTRAINT `kedatangan_ekspedisi_id_pegawai_foreign` FOREIGN KEY (`id_pegawai`) REFERENCES `pegawai` (`nip`) ON DELETE CASCADE,
  CONSTRAINT `kedatangan_ekspedisi_id_user_foreign` FOREIGN KEY (`id_user`) REFERENCES `users` (`id`) ON DELETE CASCADE
) ENGINE=InnoDB DEFAULT CHARSET=utf8mb4 COLLATE=utf8mb4_0900_ai_ci;
/*!40101 SET character_set_client = @saved_cs_client */;

--
-- Dumping data for table `kedatangan_ekspedisi`
--

LOCK TABLES `kedatangan_ekspedisi` WRITE;
/*!40000 ALTER TABLE `kedatangan_ekspedisi` DISABLE KEYS */;
INSERT INTO `kedatangan_ekspedisi` VALUES ('KDE_007','EKS_009','196704131994032004',7,'EKS_009-budi.png','2024-08-13 12:53:49','2024-08-13 05:53:49','2024-08-13 05:53:49'),('KDE_008','EKS_010','196906301994122000',10,'EKS_010-safoy.png','2024-08-13 15:09:10','2024-08-13 08:09:10','2024-08-13 08:09:10'),('KDE_009','EKS_011','196906301994122000',10,'EKS_011-sasa.png','2024-08-13 15:10:53','2024-08-13 08:10:53','2024-08-13 08:10:53'),('KDE_010','EKS_012','198012272014102000',13,'EKS_012-ihan.png','2024-08-27 10:48:10','2024-08-27 03:48:10','2024-08-27 03:48:10'),('KDE_011','EKS_013','198012272014102000',13,'EKS_013-ihan.png','2024-08-27 10:53:19','2024-08-27 03:53:19','2024-08-27 03:53:19'),('KDE_012','EKS_014','198012272014102000',13,'EKS_014-ivan.png','2024-08-27 11:05:19','2024-08-27 04:05:19','2024-08-27 04:05:19'),('KDE_013','EKS_015','198012272014102000',13,'EKS_015-blep.png','2024-09-14 20:29:14','2024-09-14 13:29:14','2024-09-14 13:29:14'),('KDE_014','EKS_016','198012272014102000',13,'EKS_016-blep.png','2024-09-14 20:29:19','2024-09-14 13:29:19','2024-09-14 13:29:19'),('KDE_015','EKS_017','198012272014102000',13,'EKS_017-luthfi.png','2024-09-17 08:25:16','2024-09-17 01:25:16','2024-09-17 01:25:16'),('KDE_016','EKS_018','198012272014102000',13,'EKS_018-luthfi.png','2024-09-17 08:25:25','2024-09-17 01:25:25','2024-09-17 01:25:25'),('KDE_017','EKS_019','198012272014102000',13,'EKS_019-luthfi.png','2024-09-17 08:26:16','2024-09-17 01:26:16','2024-09-17 01:26:16'),('KDE_018','EKS_020','198012272014102000',13,'EKS_020-ivan.png','2024-09-17 08:30:03','2024-09-17 01:30:03','2024-09-17 01:30:03'),('KDE_019','EKS_021','198012272014102000',13,'EKS_021-luthfi.png','2024-09-17 08:31:22','2024-09-17 01:31:22','2024-09-17 01:31:22'),('KDE_020','EKS_022','196906301994122000',10,'EKS_022-ivan.png','2024-09-17 08:35:09','2024-09-17 01:35:09','2024-09-17 01:35:09'),('KDE_021','EKS_023','198012272014102000',13,'EKS_023-luthfi.png','2024-09-17 08:36:34','2024-09-17 01:36:34','2024-09-17 01:36:34'),('KDE_022','EKS_024','198012272014102000',13,'EKS_024-luthfi.png','2024-09-17 08:36:41','2024-09-17 01:36:41','2024-09-17 01:36:41'),('KDE_023','EKS_025','198012272014102000',13,'EKS_025-luthfi.png','2024-09-17 08:40:44','2024-09-17 01:40:44','2024-09-17 01:40:44'),('KDE_024','EKS_026','198012272014102000',13,'EKS_026-ivan.png','2024-09-17 08:43:53','2024-09-17 01:43:53','2024-09-17 01:43:53'),('KDE_025','EKS_027','198012272014102000',13,'EKS_027-luthfi.png','2024-09-17 08:49:25','2024-09-17 01:49:25','2024-09-17 01:49:25'),('KDE_026','EKS_028','198012272014102000',13,'EKS_028-ivan.png','2024-09-17 08:56:11','2024-09-17 01:56:11','2024-09-17 01:56:11'),('KDE_027','EKS_029','196906301994122000',10,'EKS_029-luthfi.png','2024-09-17 08:59:54','2024-09-17 01:59:54','2024-09-17 01:59:54'),('KDE_028','EKS_030','198012272014102000',13,'EKS_030-luthfi.png','2024-09-17 09:00:29','2024-09-17 02:00:29','2024-09-17 02:00:29'),('KDE_029','EKS_031','198012272014102000',13,'EKS_031-luthfi.png','2024-09-17 09:04:14','2024-09-17 02:04:14','2024-09-17 02:04:14'),('KDE_030','EKS_032','198012272014102000',13,'EKS_032-budi.png','2024-09-17 09:07:45','2024-09-17 02:07:45','2024-09-17 02:07:45'),('KDE_031','EKS_033','198012272014102000',13,'EKS_033-budi.png','2024-09-17 09:12:10','2024-09-17 02:12:10','2024-09-17 02:12:10'),('KDE_032','EKS_035','198012272014102000',13,'EKS_035-luthfi.png','2024-09-17 09:32:30','2024-09-17 02:32:30','2024-09-17 02:32:30'),('KDE_033','EKS_036','198012272014102000',13,'EKS_036-luthfi.png','2024-09-17 09:34:29','2024-09-17 02:34:29','2024-09-17 02:34:29'),('KDE_034','EKS_037','198012272014102000',13,'EKS_037-luthfi.png','2024-09-17 09:34:36','2024-09-17 02:34:36','2024-09-17 02:34:36'),('KDE_035','EKS_038','198012272014102000',13,'EKS_038-budi.png','2024-09-17 09:36:51','2024-09-17 02:36:51','2024-09-17 02:36:51'),('KDE_036','EKS_039','198012272014102000',13,'EKS_039-luthfi.png','2024-09-17 09:47:11','2024-09-17 02:47:11','2024-09-17 02:47:11'),('KDE_037','EKS_040','198012272014102000',13,'EKS_040-luthfi.png','2024-09-17 21:22:34','2024-09-17 14:22:34','2024-09-17 14:22:34'),('KDE_038','EKS_041','198012272014102000',13,'EKS_041-ms terius.png','2024-09-17 21:23:16','2024-09-17 14:23:16','2024-09-17 14:23:16');
/*!40000 ALTER TABLE `kedatangan_ekspedisi` ENABLE KEYS */;
UNLOCK TABLES;

--
-- Table structure for table `kedatangan_tamu`
--

DROP TABLE IF EXISTS `kedatangan_tamu`;
/*!40101 SET @saved_cs_client     = @@character_set_client */;
/*!50503 SET character_set_client = utf8mb4 */;
CREATE TABLE `kedatangan_tamu` (
  `id_kedatanganTamu` varchar(255) NOT NULL,
  `id_pegawai` varchar(255) NOT NULL,
  `id_tamu` varchar(255) NOT NULL,
  `id_user` bigint unsigned NOT NULL,
  `qr_code` longtext CHARACTER SET utf8mb4 COLLATE utf8mb4_0900_ai_ci NOT NULL,
  `tujuan` varchar(255) NOT NULL,
  `instansi` varchar(255) CHARACTER SET utf8mb4 COLLATE utf8mb4_0900_ai_ci DEFAULT NULL,
  `waktu_perjanjian` datetime NOT NULL,
  `foto` varchar(255) CHARACTER SET utf8mb4 COLLATE utf8mb4_0900_ai_ci DEFAULT NULL,
  `waktu_kedatangan` datetime DEFAULT NULL,
  `status` enum('Menunggu konfirmasi','Diterima','Ditolak') NOT NULL DEFAULT 'Menunggu konfirmasi',
  `keterangan` text,
  `confirmation_token` varchar(255) DEFAULT NULL,
  `created_at` timestamp NULL DEFAULT NULL,
  `updated_at` timestamp NULL DEFAULT NULL,
  PRIMARY KEY (`id_kedatanganTamu`),
  KEY `kedatangan_tamu_id_pegawai_foreign` (`id_pegawai`),
  KEY `kedatangan_tamu_id_tamu_foreign` (`id_tamu`),
  KEY `kedatangan_tamu_id_user_foreign` (`id_user`),
  CONSTRAINT `kedatangan_tamu_id_pegawai_foreign` FOREIGN KEY (`id_pegawai`) REFERENCES `pegawai` (`nip`) ON DELETE CASCADE,
  CONSTRAINT `kedatangan_tamu_id_tamu_foreign` FOREIGN KEY (`id_tamu`) REFERENCES `tamu` (`id_tamu`) ON DELETE CASCADE,
  CONSTRAINT `kedatangan_tamu_id_user_foreign` FOREIGN KEY (`id_user`) REFERENCES `users` (`id`) ON DELETE CASCADE
) ENGINE=InnoDB DEFAULT CHARSET=utf8mb4 COLLATE=utf8mb4_0900_ai_ci;
/*!40101 SET character_set_client = @saved_cs_client */;

--
-- Dumping data for table `kedatangan_tamu`
--

LOCK TABLES `kedatangan_tamu` WRITE;
/*!40000 ALTER TABLE `kedatangan_tamu` DISABLE KEYS */;
INSERT INTO `kedatangan_tamu` VALUES ('KDT_004','196906301994122000','TM_005',10,'iVBORw0KGgoAAAANSUhEUgAAAD8AAAA/AQMAAABtkYKcAAAABlBMVEX///8AAABVwtN+AAAAAXRSTlMAQObYZgAAAAlwSFlzAAAOxAAADsQBlSsOGwAAAKVJREFUKJF10bENwyAQBdCTrnDnLICUNehYyZ4gZAGykjvWQGKBuKNAXI7Ejc0PBXrFAf8OEilmdtJoRCKbFkszQG7WkJWAoTX/wA0j9bPHExdonhyOYBfo4u8+Qpqrt2gWAH5GDpMhAPMoed/kDSD7lv0kHuD+KmbtNSN6EhF9dIR2UWcHob2zFA4AOrEcSGsgkn6Nx6hrZAS9WbuA6HPe4y/YGR9KHg6p6bN1UwAAAABJRU5ErkJggg==','-','-','2024-08-12 16:39:00',NULL,NULL,'Diterima',NULL,NULL,'2024-08-12 09:39:58','2024-08-12 09:40:32'),('KDT_005','196906301994122000','TM_006',10,'iVBORw0KGgoAAAANSUhEUgAAAD8AAAA/AQMAAABtkYKcAAAABlBMVEX///8AAABVwtN+AAAAAXRSTlMAQObYZgAAAAlwSFlzAAAOxAAADsQBlSsOGwAAAKRJREFUKJF10LsNxCAMBmBLFNdlAqSsQcdKsADhFiArXccaSCyQdBQIn/O44sCxKL7CMr8NiEUEjQ1GJFAw0WOQm8peYeBBPU+QjgdNnrf7iw6UJ/+CdaDKHq7qgCvmtQjPQE6vaqPYGOCO1eLcGEgHconJMBBvTGfPiCOJ18IzOLeA6hjQ7gk0C7oYhkdI+6mGR96P4SNocl2iNAwoT7XlCvaPL757GbavVpIEAAAAAElFTkSuQmCC','-','-','2024-08-12 14:48:00',NULL,NULL,'Diterima',NULL,NULL,'2024-08-12 09:48:47','2024-08-12 09:49:00'),('KDT_006','196906301994122000','TM_007',10,'iVBORw0KGgoAAAANSUhEUgAAAD8AAAA/AQMAAABtkYKcAAAABlBMVEX///8AAABVwtN+AAAAAXRSTlMAQObYZgAAAAlwSFlzAAAOxAAADsQBlSsOGwAAAKBJREFUKJF10LENxCAMBVBLFOnCApZuDbqsFCY4JmCmdKyBxAK5LgXCZ040F34orFcY/A2JXLxu0mhGJpd3RytAaY7JScTQnieYhpH73THiBs1T4gh2gx7zqzOkbdUm3gGyPV5xYQIwp6v+kBMhENMiAYDtVT69Z0ZPIqJDZ+gWdd0gdHd+644A+mNatecJJWBUnwyCvlzCAtHz+DSC/eELWCoHa2m6iFIAAAAASUVORK5CYII=','-','-','2024-08-12 19:53:00',NULL,NULL,'Diterima',NULL,NULL,'2024-08-12 09:53:39','2024-08-12 09:59:53'),('KDT_007','196906301994122000','TM_008',10,'iVBORw0KGgoAAAANSUhEUgAAAD8AAAA/AQMAAABtkYKcAAAABlBMVEX///8AAABVwtN+AAAAAXRSTlMAQObYZgAAAAlwSFlzAAAOxAAADsQBlSsOGwAAAKdJREFUKJF10DEOgzAMBVBXGdjgApF6jWy5UrhAVC5Ar8TWa1jKBRgZori/KgyFX09vsOxvi9nm5mhNrlAJZQ7SE5QWyhps5pD+L6xxYLI99hUnIE85gp2AUtnrhJqia7GsBD51Or4cg6SANuS5wk1LHaxmgvLcdLR7I/gkuRmWXoErNAdNBLjdS/SZAB/zw1Z7DpswgUNGPI0AkzV3VQiQx6blG+wXb3nZGnzJMG3jAAAAAElFTkSuQmCC','ga ada','-','2024-08-14 09:35:00','1723603063_TM_008.png','2024-08-14 09:37:43','Diterima',NULL,NULL,'2024-08-14 02:34:52','2024-08-14 02:37:44'),('KDT_008','196906301994122000','TM_009',10,'iVBORw0KGgoAAAANSUhEUgAAAD8AAAA/AQMAAABtkYKcAAAABlBMVEX///8AAABVwtN+AAAAAXRSTlMAQObYZgAAAAlwSFlzAAAOxAAADsQBlSsOGwAAAKRJREFUKJF10LENxCAMBVBLFNcxAVLWoMtKsEDCLZCsdB1rILFArqNA+Jy7pDjyY7l4hWW+IeailpEbXZHIkpYGyM3mYHnBkJk7mAlDNg/b8UQHyZPPYB2kcqBfdeCV81pUADDuod5RbQD5Wcjz0BA4mjkmB8DM5jtzxZ4kjCoAyBVJU50A5HZpgyA/VvUtyL+qw0hePg1A1tY5Ggew5/HlCPaHD07zEmYoAwy8AAAAAElFTkSuQmCC','-','-','2024-08-14 14:38:00','1723621246_TM_009.png','2024-08-14 14:40:46','Diterima',NULL,NULL,'2024-08-14 07:38:16','2024-08-14 07:40:46'),('KDT_009','196906301994122000','TM_010',10,'iVBORw0KGgoAAAANSUhEUgAAAD8AAAA/AQMAAABtkYKcAAAABlBMVEX///8AAABVwtN+AAAAAXRSTlMAQObYZgAAAAlwSFlzAAAOxAAADsQBlSsOGwAAAKNJREFUKJF10LENhDAMBdAvUdBlAqSskY6ZboGQW4C1WMNSFoAuRZR/RtAcMa5eYTk/H2Rhm9nQQxBqDHAGcgt+D1xtTPEV4mzo5ZzuJx7QPHm9gz2gwx3XPMBvISnRQF22CvhkADH4FIbVANsoDrrWw7NoWt3pcSY5it8N6C+mZRNn4Oz5U2BBG8NCecGQRoENwdlYD70sbtRUPTRPxXwF+8cPGzQLte0yzhkAAAAASUVORK5CYII=','-','-','2024-08-14 16:09:00',NULL,NULL,'Ditolak',NULL,NULL,'2024-08-14 08:08:28','2024-08-14 08:10:22'),('KDT_010','196906301994122000','TM_011',10,'iVBORw0KGgoAAAANSUhEUgAAAD8AAAA/AQMAAABtkYKcAAAABlBMVEX///8AAABVwtN+AAAAAXRSTlMAQObYZgAAAAlwSFlzAAAOxAAADsQBlSsOGwAAAKNJREFUKJF10LENxCAMBVBHFHSeAClr0GWl3AZMwK2UjjWQWCDprkD4zCXNhR8X1iss8zGJfOa2SKMRmbxbPTFAad6Rl4gh+yO6EXSzidcTN2ieEq9gN2jNvz6iTuKYKsJ8pMq+MkBmb45NdoA6bZlIAoB5i+tpAbQ0rVsBtEtcIPTvRVIJAHouYqszEI7tOTOCqF9shG6WYE0A0Dz5lc5g//gCaYUAe2KQj7oAAAAASUVORK5CYII=','-','-','2024-08-19 08:57:00',NULL,NULL,'Diterima',NULL,NULL,'2024-08-19 01:57:22','2024-08-20 08:18:06'),('KDT_012','198012272014102000','TM_014',13,'iVBORw0KGgoAAAANSUhEUgAAAD8AAAA/AQMAAABtkYKcAAAABlBMVEX///8AAABVwtN+AAAAAXRSTlMAQObYZgAAAAlwSFlzAAAOxAAADsQBlSsOGwAAAKJJREFUKJF10LENAyEMBVBHFNeRBSzdGnRZiUwQJmCm67LGSV7g0qVAOJ/cpQj4EEKvQPa3SfU915tWGrFS4BjIG5AamIJmG7qdotkCKrt8tOiAPJKPYB1w5u87olyUPRULgnY+FG9Ac3CvRTcDDn1TuyP4qpKQ1gAO0nI0sE9hArOXxyLJANbV6sczTL8/PZjaxkagsqTJJQPIs96fe7B/fADTYQQmBgW8+wAAAABJRU5ErkJggg==','-','-','2024-08-20 13:42:00',NULL,NULL,'Diterima',NULL,NULL,'2024-08-20 08:42:40','2024-08-27 04:08:16'),('KDT_013','196906301994122000','TM_016',10,'iVBORw0KGgoAAAANSUhEUgAAAD8AAAA/AQMAAABtkYKcAAAABlBMVEX///8AAABVwtN+AAAAAXRSTlMAQObYZgAAAAlwSFlzAAAOxAAADsQBlSsOGwAAAJ9JREFUKJF90bsNwyAQBuCTUriDBZBYg46VmMBSFsArpfMalliAkgLd5YjTxPzOieIrTveCRNphojDNOCj0FMgAFA6iL2OUfAvPGFpZc84WF+g8JX8Hu+BPdNvILJ4BnNbcmlsByAS/vSgB+EqeF62MEB816hYzNOTTcYZuQSmWCqC7y1OcARh33m5BVgpjOLt3Ahh/uhLEuHMN56i/eAN0R/oVvlwrtQAAAABJRU5ErkJggg==','-','-','2024-08-26 09:40:00',NULL,NULL,'Menunggu konfirmasi',NULL,NULL,'2024-08-26 01:39:55','2024-08-26 03:49:02'),('KDT_014','196906301994122000','TM_017',10,'iVBORw0KGgoAAAANSUhEUgAAAD8AAAA/AQMAAABtkYKcAAAABlBMVEX///8AAABVwtN+AAAAAXRSTlMAQObYZgAAAAlwSFlzAAAOxAAADsQBlSsOGwAAAKFJREFUKJF10LENwyAQBdAvuaBjgkisQeeV4gUcsgBreQ0kFiAdBeJyF7sJnK96xen4fBBV6it1zEjwbfewCnL3rniKOh77LZLVwZdzuJ4YwHlyvIIN4KGCcwbQuxJR2hXkaBrgggJsFfBLVNCehsPw2oyFavrtzJAkn+qKAv4FXkeyCqTnjVRwY3L8Bi6YBB0N0tgMuWwNp5ohPYf1DPaPLyqTCvIottDSAAAAAElFTkSuQmCC','-','-','2024-08-26 12:00:00',NULL,NULL,'Diterima',NULL,NULL,'2024-08-26 04:00:34','2024-08-26 11:53:43'),('KDT_015','198012272014102000','TM_018',13,'iVBORw0KGgoAAAANSUhEUgAAAD8AAAA/AQMAAABtkYKcAAAABlBMVEX///8AAABVwtN+AAAAAXRSTlMAQObYZgAAAAlwSFlzAAAOxAAADsQBlSsOGwAAAKNJREFUKJF10LENAyEMBVBHFHRMgMQadLcSWSAiCzATXdZAYoG7jsLCMckpUsBHYb0C7I+BqLm+UYcVBbwNHoyA2r0FT0kG7ZcYlsCdVTpHTOA8NZ3BJvBxn7oCb2QNoAR46GI8GgE80R2ZdgH1yPyUogB6NjvSChgXqNkggGsxmwj+O1GuUQCvSyWN4RK/OxNcHBtbwZ0RtIoCOA/eX99g/3gDNykCcF2MNPEAAAAASUVORK5CYII=','-','-','2024-08-26 19:48:00',NULL,NULL,'Diterima',NULL,NULL,'2024-08-26 11:48:18','2024-08-26 11:59:55'),('KDT_016','198012272014102000','TM_019',13,'iVBORw0KGgoAAAANSUhEUgAAAD8AAAA/AQMAAABtkYKcAAAABlBMVEX///8AAABVwtN+AAAAAXRSTlMAQObYZgAAAAlwSFlzAAAOxAAADsQBlSsOGwAAAKVJREFUKJF10LENgzAQBdCz3MMCSFnDnVeCBSxYgJnosoYlL0A6FydfPgopAj8nF6+6+99iVv0arckdWUJZg3QEpYWyB1s5pPsLaxzYbPN54gLkKd9gF2CynHOBjtG3WHYCWzadnp6hLHUY4xHsBpzT3jQxzEEnezSCI48zHL0DLdA9jwToPuAlAvzY0FftOLKrOXH4Fz6NAJtRQYUAedRtn2C/eAMWSiKPUqtyDwAAAABJRU5ErkJggg==','-',NULL,'2024-08-27 08:20:00','1724721802_TM_019.png','2024-08-27 08:23:22','Diterima',NULL,NULL,'2024-08-27 01:19:49','2024-08-27 01:23:22'),('KDT_017','198012272014102000','TM_020',13,'iVBORw0KGgoAAAANSUhEUgAAAD8AAAA/AQMAAABtkYKcAAAABlBMVEX///8AAABVwtN+AAAAAXRSTlMAQObYZgAAAAlwSFlzAAAOxAAADsQBlSsOGwAAAKVJREFUKJF10LENhDAMBVBL7rkFkFgjHSvBAlEmCCvRsUYkL0C6FFF8/8RdccRYKV5hOd8m1cJx1kY9Ejka8AxIcxKcRhvoecLobWDydH6/uAF55BfsBpQEuuoG3VS2wsFAfe1pPfg0kLzjrFMzgO9Yj7QY4ObS+unpgUo0czCALepA1RvA7hLm0QIuptHVB3De62JDMo5mAJNVD/T0QB7N5Qr2jzf9KB/jND/3fgAAAABJRU5ErkJggg==','-',NULL,'2024-08-27 09:50:00',NULL,NULL,'Diterima',NULL,NULL,'2024-08-27 01:50:16','2024-08-27 01:58:28'),('KDT_018','198012272014102000','TM_021',13,'iVBORw0KGgoAAAANSUhEUgAAAD8AAAA/AQMAAABtkYKcAAAABlBMVEX///8AAABVwtN+AAAAAXRSTlMAQObYZgAAAAlwSFlzAAAOxAAADsQBlSsOGwAAAKBJREFUKJF90LENAyEMBVBHKehgASTWoGMlJkCZgFvpuqxxEgtQUiA7ti5NDl+QhV6BzLeBaBw2EcKKA+LMEayChpG4qo5WbxFQB3fmN+cXF3CeVr/BLvhzphtgTUAFXLQNXxTMnMDtkBXIXYy0XvB8xdATT7FCkhTwVgFPATm1rkD2/BjTKpA9c9QbgKOGOsL2nqBA9ozGa5A993hG/cUHLxj61UBUNr4AAAAASUVORK5CYII=','-',NULL,'2024-08-27 11:05:00',NULL,NULL,'Ditolak',NULL,NULL,'2024-08-27 02:05:45','2024-08-27 02:14:05'),('KDT_019','198012272014102000','TM_022',13,'iVBORw0KGgoAAAANSUhEUgAAAD8AAAA/AQMAAABtkYKcAAAABlBMVEX///8AAABVwtN+AAAAAXRSTlMAQObYZgAAAAlwSFlzAAAOxAAADsQBlSsOGwAAAKFJREFUKJF10LENAyEMBdAvUVxHFkBiDTpmugUIWYC1sgYSC1BSIByjuybgc/UKZPw/iBoNTwM7MlwPDlpAGc5WR0mGCY/IWgZvLvH+YgHfU9J92AIeqrhmAX0aEeUgQFVeDhsFlOgBp5IAO46s0SHAvEjF+WYHTz+brQI4Bd7frAVw9nw2EdyY4hQPMDg4iAiKs7Eds+fZvwC+p8Nfh/3jBwsICJSfu6iTAAAAAElFTkSuQmCC','-',NULL,'2024-08-27 12:27:00',NULL,NULL,'Menunggu konfirmasi',NULL,NULL,'2024-08-27 03:27:43','2024-08-27 03:27:43'),('KDT_020','198012272014102000','TM_023',13,'iVBORw0KGgoAAAANSUhEUgAAAD8AAAA/AQMAAABtkYKcAAAABlBMVEX///8AAABVwtN+AAAAAXRSTlMAQObYZgAAAAlwSFlzAAAOxAAADsQBlSsOGwAAAKJJREFUKJF10LENxCAMBVBLFNcxQSTWoMtKTJBwCyQrXccaSF4gdBQI3z/lUiRxLIpXWObbJFLNMkqnOzJ5sngKuHuOXhYd6HnCMOnAZLf9v7gAefgIdgGKI+11gazCazVRgXsnV5LZFJAduYjrCnJ4tTnloGA4eu5AZRpNVIAtmqU2KcDueCpwsWYf4cqnBR1ccDQFv8lzQs8dyCOl7sHO+AJ/gRk7LNkBZQAAAABJRU5ErkJggg==','-',NULL,'2024-08-27 13:34:00',NULL,NULL,'Menunggu konfirmasi',NULL,NULL,'2024-08-27 03:35:15','2024-08-27 03:35:15'),('KDT_021','198012272014102000','TM_024',13,'iVBORw0KGgoAAAANSUhEUgAAAD8AAAA/AQMAAABtkYKcAAAABlBMVEX///8AAABVwtN+AAAAAXRSTlMAQObYZgAAAAlwSFlzAAAOxAAADsQBlSsOGwAAAKdJREFUKJF10LENhDAMBVCfUtAxQSTWSJeVYAHIBLDSdVkjkhcgHUUU3787rjhirBSv+HJsk8hhVi+VWiRy1OMp4Oo4OFl1IHMHO+tA52E/v7gA8/BvsAtQHOhbF8gmvB0mKKCxG3I0u4aHlEmGqoBrZ5eYRgXUe86fcAvCIt4EBdgi9VRmBdgdGasBF5PVlxuY/CyjDsk4mgJ0LktEpsV7nuk4B/vDC9zsE0TLfn0KAAAAAElFTkSuQmCC','-',NULL,'2024-08-28 10:22:00',NULL,NULL,'Menunggu konfirmasi',NULL,NULL,'2024-08-27 04:22:37','2024-08-27 04:24:52'),('KDT_022','198012272014102000','TM_025',13,'iVBORw0KGgoAAAANSUhEUgAAAD8AAAA/AQMAAABtkYKcAAAABlBMVEX///8AAABVwtN+AAAAAXRSTlMAQObYZgAAAAlwSFlzAAAOxAAADsQBlSsOGwAAAKRJREFUKJF10LENwyAQBdCLXLgjCyB5DTqvhCcIE5CV3HkNSyzg0gXi8h3cBH4o0CvQv3+I6jmVWYv02MVZ78QQpOKsOI0cevzFZQYkD/Ee0QB9UryLNcCZvneP/FBrJDPoe0VyNgRZXF5WPRj8iFgNBPLUIaAtA+a+TusJsIXGmQK7J91SIMB3IRZvKMSM9U2PIVw/1gPJWKGOaIA++7LVYr/4AHqCAeMxJFC4AAAAAElFTkSuQmCC','-',NULL,'2024-08-28 14:31:00',NULL,NULL,'Diterima',NULL,NULL,'2024-08-27 04:31:12','2024-08-27 04:31:48'),('KDT_023','196906301994122000','TM_026',10,'iVBORw0KGgoAAAANSUhEUgAAAD8AAAA/AQMAAABtkYKcAAAABlBMVEX///8AAABVwtN+AAAAAXRSTlMAQObYZgAAAAlwSFlzAAAOxAAADsQBlSsOGwAAAJ9JREFUKJF10LENAyEMBVBLFHRkAaRbg46VuAnCBMyUjjWQvEDSpTjxY5JrchgK9Aobf0PA27uITjMahZYCOQXcg6eAokNqVjBdRxu954gLJA+XM9gFcsz3noEej1v1ScGGaor1pMCn6PcHngpY0maLrIBS5NeoUUDU7pChM2QLlKhCdt8ALgrGZzpJtQTnBfZqNMjLB1nWIHmk5hfsHx9Pngg3oTCXKwAAAABJRU5ErkJggg==','-',NULL,'2024-09-02 10:40:00',NULL,NULL,'Diterima',NULL,'Pa6GDxNc1zovCPnJe55IuvUoTG4zL08F','2024-09-02 03:39:46','2024-09-02 03:53:13'),('KDT_024','198012272014102000','TM_027',13,'iVBORw0KGgoAAAANSUhEUgAAAD8AAAA/AQMAAABtkYKcAAAABlBMVEX///8AAABVwtN+AAAAAXRSTlMAQObYZgAAAAlwSFlzAAAOxAAADsQBlSsOGwAAAKFJREFUKJF10LENxCAMBVAjiuuYAIk16LJSNognICtdxxoneYGko0D4zInmgkEIvcIy3wbmEtrGDWZ8IPo9glNALXqInHTwtUS3Buls0/jiAclDaQR7QE74vTOqYe+gavAmhxSrU0BnofvNlwIwmRHkzrAn155WQU9yFL8rkCk4bSpk9npkiwpkXdJWahZ4ES6AfWMzpLOMQKig57nzCPaHL6boB9EsADkpAAAAAElFTkSuQmCC','-',NULL,'2024-09-02 10:49:00',NULL,NULL,'Diterima',NULL,NULL,'2024-09-02 03:49:23','2024-09-02 03:50:31'),('KDT_025','198012272014102000','TM_028',13,'iVBORw0KGgoAAAANSUhEUgAAAD8AAAA/AQMAAABtkYKcAAAABlBMVEX///8AAABVwtN+AAAAAXRSTlMAQObYZgAAAAlwSFlzAAAOxAAADsQBlSsOGwAAAKJJREFUKJF10LsRwyAMBmDdUbgjC3DnNehYiQkSsgAzpWMN7rSA3aXw8Uc4bmxkFdxXSOhBwNfZgEYjKvkaPVkF3Lwjj6xDcu5gmo7aa48WF8g8nI/BLpAw+zsCLWyP4qKC+V3mPDlSAGBeP1g0LMRpQlJQn573nBES9QVpOkK22GxQIbsbwGQF/Zh22qIOloR0g7UYDfKzbMEa+p3X8h/sjB+stxdnTySn8QAAAABJRU5ErkJggg==','-',NULL,'2024-09-03 10:51:00',NULL,NULL,'Diterima',NULL,NULL,'2024-09-02 03:51:51','2024-09-02 03:52:10'),('KDT_026','198012272014102000','TM_029',13,'iVBORw0KGgoAAAANSUhEUgAAAD8AAAA/AQMAAABtkYKcAAAABlBMVEX///8AAABVwtN+AAAAAXRSTlMAQObYZgAAAAlwSFlzAAAOxAAADsQBlSsOGwAAAKFJREFUKJF10rENxCAMBVCfKOgyARJr0GUlJiBkAW6srIHkBVJSIHwmSXPBUKDXYPtbAFGhtlKDERmc8Q4WAdicjY7SBOcUKsngyhCeFi/wPJiewV7gc98janA29ecjzHZw0ypB7QU+BZsA43X1oKIA3EsFDiLgmgTMIoBT2C9VENCzbwdGAbwxbGsOM2gbZQD0jY3gyvkKOKL/hFPfg/3jB1+xA7FuzaLGAAAAAElFTkSuQmCC','-',NULL,'2024-09-04 11:01:00',NULL,NULL,'Diterima',NULL,NULL,'2024-09-02 04:01:49','2024-09-02 04:02:30'),('KDT_027','198012272014102000','TM_030',13,'iVBORw0KGgoAAAANSUhEUgAAAD8AAAA/AQMAAABtkYKcAAAABlBMVEX///8AAABVwtN+AAAAAXRSTlMAQObYZgAAAAlwSFlzAAAOxAAADsQBlSsOGwAAAKVJREFUKJF10LENhDAMBVBLKa5jgkhZI11WggUisgCsRMcakbxArqNA9jkSVxz8+9UrovjbpHq4JanQE5UiL5EGAJbILeqCQcNfqGDYzzpfI26wPvwtdoOl0pUbzjE5SdwAgrzCe3cINcfQUu/zAOvOq54ZwBWlSYMAWLSoDX2ibyGxjgC2e5iTzwD2IKyHHzC4HDVj0GRHA+h3FvIE0PuU7Sr2gw+Q8h8y2uICHgAAAABJRU5ErkJggg==','-',NULL,'2024-09-03 09:19:00',NULL,NULL,'Diterima',NULL,NULL,'2024-09-03 02:19:32','2024-09-03 02:58:32'),('KDT_028','198012272014102000','TM_031',13,'iVBORw0KGgoAAAANSUhEUgAAAD8AAAA/AQMAAABtkYKcAAAABlBMVEX///8AAABVwtN+AAAAAXRSTlMAQObYZgAAAAlwSFlzAAAOxAAADsQBlSsOGwAAAKZJREFUKJF10rENxCAMBVCfKK6DBZBuDXdZiQkiWICZ6LIGEgskXYoIn09Jc+TnV6/hYyNIZD/sJJ3uqMTeMlmA1rllloxRwyMkYmgz0XXFAJ2n5WuwAZpPpDMDZOWWijbf0aQc9u0JIXJ1UmcA08m74gOAd7vZiqwAmvoqpgPoFibtEgF0d6POAPpiPrAeh2hpoYAh22IigDZLnw4L8PsJM52D/eMLCrwPZt45kxEAAAAASUVORK5CYII=','-',NULL,'2024-09-03 12:34:00',NULL,NULL,'Diterima',NULL,NULL,'2024-09-03 02:34:44','2024-09-03 02:37:53'),('KDT_029','198012272014102000','TM_032',13,'iVBORw0KGgoAAAANSUhEUgAAAD8AAAA/AQMAAABtkYKcAAAABlBMVEX///8AAABVwtN+AAAAAXRSTlMAQObYZgAAAAlwSFlzAAAOxAAADsQBlSsOGwAAAKVJREFUKJF10LENwzAMBMA3VKRzFjDgNdRpJWcBI1lAWSld1hCgBexOhcEPjdhFJIbVFQT5JMjiYqCgRYLP0aM3kMXnxTPaQP8XFBs6mfdjRQXNk89gFbQSjqqwTcFJyIsJuPXtLHAtmILmaTHGy3DlNhtAR64cxQLAB3Vpi/0K8WkyoLcDQSe30IbxWYbeRupKmm3gpk8zsP9ZMMCA5tm61zfYLz42tBkUkgP0KQAAAABJRU5ErkJggg==','-',NULL,'2024-09-04 08:00:00',NULL,NULL,'Menunggu konfirmasi',NULL,'cN9nd1Wf3H4RHgQP6Ia2XSJGiXw3LkVq','2024-09-04 00:57:09','2024-09-04 00:57:09'),('KDT_030','198012272014102000','TM_033',13,'iVBORw0KGgoAAAANSUhEUgAAAD8AAAA/AQMAAABtkYKcAAAABlBMVEX///8AAABVwtN+AAAAAXRSTlMAQObYZgAAAAlwSFlzAAAOxAAADsQBlSsOGwAAAKJJREFUKJF10LENxCAMBVBLFOm4BZCyBh0rwQTJBLmVrmMNpCxwdCkQPjtKc+GHAr3C4G8T8+Fs4E4jCvkSPVmAvXtHnjcMqXmC6RhF314tbpA8+3YFu0GOOe8R3EN7ZRcBKOViJ0cAs+SpH/4CmJobTbwCzO+jpbN4gJy2sDYdIFM0GyBkdrfIjAC6TIkaMXSl6wNqNgjysxYgaJ6Ur2B/+AEsWw3j31b5bgAAAABJRU5ErkJggg==','-',NULL,'2024-09-04 09:05:00',NULL,NULL,'Diterima',NULL,NULL,'2024-09-04 01:05:38','2024-09-04 01:09:46'),('KDT_031','198012272014102000','TM_034',13,'iVBORw0KGgoAAAANSUhEUgAAAD8AAAA/AQMAAABtkYKcAAAABlBMVEX///8AAABVwtN+AAAAAXRSTlMAQObYZgAAAAlwSFlzAAAOxAAADsQBlSsOGwAAAKZJREFUKJF10LENhDAMBVBL6bkFIrEGXVYiC3C5BWAlOtaI5AWgSxHF9+/gikuMleIVX45tEklmdlKoRaSBOjwFXAYOg8w6kLmDnXSgc79fX1TAPPwbrAKKA51VQRbhJZmggF9r9JvZFdhH4kP6oiBPZJ9bHBWQT+abUUCUyZmgAFtgcTRpgd2RsRpwsdy5fANzrHnUkT2OpgCdRT6ZFpgHmXOwf7wB7bcbUdWnO0AAAAAASUVORK5CYII=','bahas nilai',NULL,'2024-09-05 08:00:00',NULL,NULL,'Menunggu konfirmasi',NULL,'KnmVmttEC2XG2IqgH0fx87g8frv8uwxo','2024-09-04 01:11:17','2024-09-04 01:11:17'),('KDT_032','198012272014102000','TM_035',13,'iVBORw0KGgoAAAANSUhEUgAAAD8AAAA/AQMAAABtkYKcAAAABlBMVEX///8AAABVwtN+AAAAAXRSTlMAQObYZgAAAAlwSFlzAAAOxAAADsQBlSsOGwAAAKNJREFUKJF10LsNxCAMAFBO9DcBEmvQsVJYICELkJXSsUYkLwAdBcJnlLviwLFcvMLyTyAWGSw2MeMSRrwpGUAz4A0GHlTzBLXyoM46fUcMoH3gt9gACvDijgF4IBxFegawnzJHmTgkqxzqxkDvUW3xWhioF2LuNTMoqrDSM6Ar6PC6MqDbKRUH+hgGWx+g3FkXHtXR0xj0zluvmdH/nMu92D8+56YaSSyoGn4AAAAASUVORK5CYII=','bahas nilai',NULL,'2024-09-04 13:20:00',NULL,NULL,'Ditolak','sedang rapat',NULL,'2024-09-04 01:20:38','2024-09-04 01:21:29'),('KDT_033','198012272014102000','TM_036',13,'iVBORw0KGgoAAAANSUhEUgAAAD8AAAA/AQMAAABtkYKcAAAABlBMVEX///8AAABVwtN+AAAAAXRSTlMAQObYZgAAAAlwSFlzAAAOxAAADsQBlSsOGwAAAKFJREFUKJF10bENwyAQBdCTKNzhBRiEjpWcBRImYKZ0rIHEAnHnAnH5JG5ifhBCr/hwB4jq4WzQLjOK+LJ5sQS1eydeEwcy/2A6Rxl7zxIXoJ+azsYuwDCfdYb20NbsNoJmMRcnBHL3Zn/qiwCBGheNBLIeZ3gGDn8ois7ALYoNFLi7Ua2JAC+GFRmKgq+JHHXPhmG8cxyZGein3fK3sV+8AZMzCEyQm5c1AAAAAElFTkSuQmCC','bahas nilai',NULL,'2024-09-04 15:00:00',NULL,NULL,'Diterima',NULL,NULL,'2024-09-04 01:25:09','2024-09-04 01:25:53'),('KDT_034','198012272014102000','TM_037',13,'iVBORw0KGgoAAAANSUhEUgAAAD8AAAA/AQMAAABtkYKcAAAABlBMVEX///8AAABVwtN+AAAAAXRSTlMAQObYZgAAAAlwSFlzAAAOxAAADsQBlSsOGwAAAKBJREFUKJF10bENAyEMBVBLFOmYAIk13GWmLIC4BZgpXdawxAKkozjxY3TX5PC5eoUF3zYBHeOJQSuEeE9M3kAdHBuj2AjpFuJt6Ms1n19coHlqOYNdoIVGR12ArQOQZCAkcpliNqBhYmZXDGB7a86dDLjGgWbPCi159dgM6BQOH/EG5uxfmNCNOfRb5IeQDaG5sRXzpn72rNA82nME+8cPf0sLfOPgproAAAAASUVORK5CYII=','-',NULL,'2024-09-05 11:26:00',NULL,NULL,'Ditolak','sedang tidak di dalam lingkungan sekolah',NULL,'2024-09-04 01:26:26','2024-09-04 01:27:24'),('KDT_035','198012272014102000','TM_038',13,'iVBORw0KGgoAAAANSUhEUgAAAD8AAAA/AQMAAABtkYKcAAAABlBMVEX///8AAABVwtN+AAAAAXRSTlMAQObYZgAAAAlwSFlzAAAOxAAADsQBlSsOGwAAAKVJREFUKJF10LENhDAMBVBL6bkFkFgjHSuRBbhMACvRZY1IXoB0KSz+GXFXXDBWildYzrcJqG4ZcdAdmTx1+gzw4Tl6LDa05wn9bEMnD/v3iwaah3/BGmhxpKsaYAWv1UUDFFIOye0G8quiYDgM9GFjpDwZYEDC2XOHltDoogHdQjqS2YDujjj2FvRi0vknuLLJZANFj2ZAJ+f32XOH5smhXsH+8QG4NCDxXfeJwgAAAABJRU5ErkJggg==','-',NULL,'2024-09-06 08:30:00',NULL,NULL,'Ditolak','ada rapat',NULL,'2024-09-04 01:30:01','2024-09-04 01:42:32'),('KDT_036','198012272014102000','TM_039',13,'iVBORw0KGgoAAAANSUhEUgAAAD8AAAA/AQMAAABtkYKcAAAABlBMVEX///8AAABVwtN+AAAAAXRSTlMAQObYZgAAAAlwSFlzAAAOxAAADsQBlSsOGwAAAKJJREFUKJF10LENxCAMBVCfUqRjAktZg46VuAnCBMyULmsgsUCuS2HhM0d0UsBBCL0C2d8G5nMpjguMSGDRWzAKcrEIlqMOPh5RrUEqT/Fq0UHy5HgF6yBn+b0j6MVogDRIOzKWjAI0jj8bHwom3jiA3BG5OKxpFchJ64leQZtChcxO656DAlkXmJn8I/5/OkyhbmyEVM5hbi06SJ703luwO74O6Qauc6m8YgAAAABJRU5ErkJggg==','Nostalgia SMK','-','2024-09-04 12:17:00','1725427340_TM_039.png','2024-09-04 12:22:20','Diterima',NULL,NULL,'2024-09-04 05:17:18','2024-09-04 05:22:20'),('KDT_037','198012272014102000','TM_040',13,'iVBORw0KGgoAAAANSUhEUgAAAD8AAAA/AQMAAABtkYKcAAAABlBMVEX///8AAABVwtN+AAAAAXRSTlMAQObYZgAAAAlwSFlzAAAOxAAADsQBlSsOGwAAAKlJREFUKJF10r0NwyAQBeCLKNyRBZBYgy4rkQUcWICsROc1kFjA6VwgLmfZje3nq76Gx+OHmJemX9zpikLOaEcaoHZXk+OEUfwtOGBIMtG+xQnSp6a92AkyNtA2J/DsasySfEUNQ9GDIQAbl/bkMgKoRPabjQeQMu2deQaQaY+sOoCcQsI5AKxn/7BKAHJj5J0sh6hxIn+D36QCgCRzl2cFWH/COGzFjvgDfk4K7Po/va4AAAAASUVORK5CYII=','-',NULL,'2024-09-10 10:10:00',NULL,NULL,'Ditolak','sedang rapat',NULL,'2024-09-10 03:10:41','2024-09-10 03:11:54'),('KDT_038','198012272014102000','TM_041',13,'iVBORw0KGgoAAAANSUhEUgAAAD8AAAA/AQMAAABtkYKcAAAABlBMVEX///8AAABVwtN+AAAAAXRSTlMAQObYZgAAAAlwSFlzAAAOxAAADsQBlSsOGwAAAKVJREFUKJF10L0NhDAMBWBLKa5jAqSskY6VwgKQWwBWomONSFmAdBQRvhdxVxw8LBdfYflPVHczdXrIHVGcNEiCdLgUnE4cqHlCO3Cgs92+Iy7APum32AWIFOSMC3TWNO8mENj3YvJqNgLpFWkPgti8ZFyjJyjiNNeaOxBROhMIcAUOLwMBbkeHlgEfi40rDzB5KZ6j9HgaQe08rq0nqH/Oei72jw9TBhGCLB1hbgAAAABJRU5ErkJggg==','-',NULL,'2024-09-10 10:33:00',NULL,NULL,'Diterima',NULL,NULL,'2024-09-10 03:33:54','2024-09-10 03:34:21'),('KDT_039','198012272014102000','TM_042',13,'iVBORw0KGgoAAAANSUhEUgAAAD8AAAA/AQMAAABtkYKcAAAABlBMVEX///8AAABVwtN+AAAAAXRSTlMAQObYZgAAAAlwSFlzAAAOxAAADsQBlSsOGwAAAKRJREFUKJF10LENgzAQBdCLKNKZBZBYw51XggUQLEBWSscalm4BSheWLx8Fipifq15hff87MUvNGqzIHVG8rl4cgRavu7eVQ9xfWOFAss3nFxXQR69iFTBRzqmQh9CUoDtDu+VxazhM94A+BI93/7I8EeBBHq0vBBhdkECALbB7HAiwez8HJN9xHLNNneOwJcWJoxtxNAIkx+mZheC487J9i/3iA3FDJ+SvI6gkAAAAAElFTkSuQmCC','-',NULL,'2024-09-11 10:45:00',NULL,NULL,'Menunggu konfirmasi',NULL,'UDvIJxaVcdIdrApL9gtYDeUkyuQvvAqk','2024-09-11 03:45:44','2024-09-11 03:45:44'),('KDT_040','198012272014102000','TM_043',13,'iVBORw0KGgoAAAANSUhEUgAAAD8AAAA/AQMAAABtkYKcAAAABlBMVEX///8AAABVwtN+AAAAAXRSTlMAQObYZgAAAAlwSFlzAAAOxAAADsQBlSsOGwAAAKRJREFUKJF10LENhDAMBVBL6bkFkLJGOlYiC0AmgJWuyxqRsgB0FFF8/8RdQfhYKV5hOd8W1cMsg1a5I4mTDo8gV5eD04UDPU/oJw5MttvviwbIk//BGqBykLMa6Kp5PUwgKK9o92g2AlsHu6utBP0cVWMaCTQ48d+eO1BJBhMIsAUWLxMBdscxKXCx1D1C/LuMHMXjaASYXObYjwTIU7yewa74AOL4GLS+RYyfAAAAAElFTkSuQmCC','-',NULL,'2024-09-11 12:50:00',NULL,NULL,'Diterima',NULL,'Hj84SdrGcTpevKjxMBBJhtUkBCepuqMD','2024-09-11 03:50:37','2024-09-11 04:06:36'),('KDT_041','198012272014102000','TM_044',13,'iVBORw0KGgoAAAANSUhEUgAAAD8AAAA/AQMAAABtkYKcAAAABlBMVEX///8AAABVwtN+AAAAAXRSTlMAQObYZgAAAAlwSFlzAAAOxAAADsQBlSsOGwAAAKJJREFUKJF10LENxCAMBVBLFNfdBEiskY6VYIEcE5CVrmMNJC8QuhQIn7nkigPHoniFZb4NRIeKlhrMyLDAk58AbAuGhaIM7rmDXmXwZLNfXwzgPPgLNoALA5w1gDbC7VBBALaHKUntAkwh8GSaiGQoZSeAFz97ZnBlsCoI+G4BdRXAu2OwWkK/c7T1Btq/q5ORfR8+gyfnV9JOQM9T6Ar2hw8RIxc9ymqTFgAAAABJRU5ErkJggg==','-',NULL,'2024-09-12 11:08:00',NULL,NULL,'Diterima',NULL,'KXQnlvbJhvZK8kLG6SqjL2wIwhlTL6n0','2024-09-11 04:08:43','2024-09-11 04:09:05'),('KDT_042','198012272014102000','TM_045',13,'iVBORw0KGgoAAAANSUhEUgAAAD8AAAA/AQMAAABtkYKcAAAABlBMVEX///8AAABVwtN+AAAAAXRSTlMAQObYZgAAAAlwSFlzAAAOxAAADsQBlSsOGwAAAKNJREFUKJF10LERwyAMBVD5KNIxge5Yg84rORNAFmAmOq/hOxYgHQWHIhynCMgU3CuE+BIQFdNWajDjAIubBS0gNYtgKcigfItuCdxZheuLAZwnhSvYAD7mvGfUhVBDlYBL5M5VC0jZwjNSFgBuVx7IC0ivcqYV0JO4gpsAnqLqVQS/PdyevABelwnANTd4/GpGIPSNzeDOXKC8gL7nd/wG+8cHduv/fyTmlQAAAAAASUVORK5CYII=','membahas dokumen',NULL,'2024-09-13 08:19:00',NULL,NULL,'Menunggu konfirmasi',NULL,'rQvLn8zyYdZoTzZ68xfZF4SjS9Gj4c3v','2024-09-11 04:20:07','2024-09-11 04:20:07'),('KDT_043','198012272014102000','TM_046',13,'iVBORw0KGgoAAAANSUhEUgAAAD8AAAA/AQMAAABtkYKcAAAABlBMVEX///8AAABVwtN+AAAAAXRSTlMAQObYZgAAAAlwSFlzAAAOxAAADsQBlSsOGwAAAKFJREFUKJF10LENwyAQBdCTKNJlAkusQcdKeAHCBHildF4DiQVM5wJxOdtJEfg+UbziOP5BzLuKlhuNSGToKQcgN5OD4YghPXeYPIZM1tv3iQ6SJ/+CdZDKga7qwAvnZVcBgBypsqoNwVtdWDeAHB7ptSYHIFH57BkhlciqAHBuQdUDyPVKFuL453gLXd7VYaT5GD5CJssWkwOQPHXmK9g/Plk6FJc0YoLSAAAAAElFTkSuQmCC','bahas nilai',NULL,'2024-09-16 08:25:00',NULL,NULL,'Diterima',NULL,'IiW67EMu3GRGYqGECKPw5JZksQpdtoQG','2024-09-11 04:25:58','2024-09-14 04:06:55'),('KDT_044','198012272014102000','TM_047',13,'iVBORw0KGgoAAAANSUhEUgAAAD8AAAA/AQMAAABtkYKcAAAABlBMVEX///8AAABVwtN+AAAAAXRSTlMAQObYZgAAAAlwSFlzAAAOxAAADsQBlSsOGwAAAKNJREFUKJF10LENAyEMBVBHFOnIApGyBh0rcQuccgtwY90alrwA6a5AdoxEigPH1SvQ9zcgcrochWEGQqAcwBsgDlSCZBvg/0LYhibLu68YoH3oV2yADkKfATVFx5GKAUiAy+Es0C5UYis2wem6h9TVQEv+yIsN6NAmbemEdgUHTAb0doCgyTP0gdvl6W3g7cTVBiz6aQawxd4rGGh9tqMXu+ALiakbaWZwdVkAAAAASUVORK5CYII=','bahas nilai',NULL,'2024-09-14 11:00:00','1726286541_TM_047.png','2024-09-14 11:02:21','Diterima',NULL,NULL,'2024-09-14 04:01:01','2024-09-14 04:02:21'),('KDT_045','198012272014102000','TM_048',13,'iVBORw0KGgoAAAANSUhEUgAAAD8AAAA/AQMAAABtkYKcAAAABlBMVEX///8AAABVwtN+AAAAAXRSTlMAQObYZgAAAAlwSFlzAAAOxAAADsQBlSsOGwAAAKVJREFUKJF10LENhDAMBVBLKa5jgkhZIx0rwQJcJggrXccakbwA6ShQfB9xVxz3sVK8wnL8LWaby701+UeRKB0egbaoKVrmQM8d/MSByWH9fHEB9tHvYhegNMlZF9hsOm8uEWBmqItbCbSaHy00AmuP8lzKQCBdb/XoIRAE6V0iQIrSyT4RIDt6PMNx5xzv4MfXPnBoxdEIMNls8QMB9kGKc7FfvAGC/hQfpA4UiAAAAABJRU5ErkJggg==','bahas nilai',NULL,'2024-09-15 11:03:00',NULL,NULL,'Ditolak','karena ...',NULL,'2024-09-14 04:03:39','2024-09-14 04:04:09'),('KDT_046','198012272014102000','TM_049',13,'iVBORw0KGgoAAAANSUhEUgAAAD8AAAA/AQMAAABtkYKcAAAABlBMVEX///8AAABVwtN+AAAAAXRSTlMAQObYZgAAAAlwSFlzAAAOxAAADsQBlSsOGwAAAKJJREFUKJF10LENhDAMBVCf0mcCJNZIx0phAS4TwEp0rBHJC0BHgeL7J7jiwsdK8QrL+baY7W7srMgdWYJ4PAItQVOwkQM9T2gGDkxu1+uLCsijv2AVUJrkrAo2mU67SwSYefSLWwkaH3SztjC85vxecmQYgjt7bkBl6VwiwBYZ/w4E2P0QXIYAF8v+EW6bj8ihG45GgMnYookE3zy9XcH+8AGeWgkPWAZcJAAAAABJRU5ErkJggg==','bebas',NULL,'2024-09-18 09:17:00',NULL,NULL,'Diterima',NULL,'x5flvHNCWzIfdDwUEdbUsnv0aPAIJ0os','2024-09-17 12:17:36','2024-09-17 13:05:06'),('KDT_047','198012272014102000','TM_050',13,'iVBORw0KGgoAAAANSUhEUgAAAD8AAAA/AQMAAABtkYKcAAAABlBMVEX///8AAABVwtN+AAAAAXRSTlMAQObYZgAAAAlwSFlzAAAOxAAADsQBlSsOGwAAAKdJREFUKJF10LENhDAMBVBLKa7jFoiUNdKxUrIAZAJYiY41LHkB6CgifEbHFQcfK8UrLOfbpLq5odWd7mCK1NgDkD1KiTpgWM8TfIdhk8NyfnGB5ZFfsAuspNC3LtBRZdxcAajpFdbZLQBSWs4adgCfZ+pnTgD83mQ9eu6wqtS6AmBbcEO1A7Ddrccj2MW4ifUBPk81YehqRwOwydxPPgEcebKewf7wASeSFRUDzfEcAAAAAElFTkSuQmCC','bahas nilai',NULL,'2024-09-17 12:18:00',NULL,NULL,'Menunggu konfirmasi',NULL,'xEJMnxhtJh5k74lXBTtgmGBr7FACerAf','2024-09-17 12:18:47','2024-09-17 12:18:47'),('KDT_048','198012272014102000','TM_051',13,'iVBORw0KGgoAAAANSUhEUgAAAD8AAAA/AQMAAABtkYKcAAAABlBMVEX///8AAABVwtN+AAAAAXRSTlMAQObYZgAAAAlwSFlzAAAOxAAADsQBlSsOGwAAAKRJREFUKJF90bENxCAMBVBLKejIAkisQcdK3ALosgBZ6bqsgeQFrqRA9hnlmgvOIYonYZlvAOZWbWSCGRVCTwGsAqTAsosOLLfwpEM6S815xQWSB8s32AV/Vl8bWONJgd8OWJvLCrgE3F+QFODTLGSk84z6aC7FMcWEcZrBWQUyhdTgW8GYfWvdKpAXqxL1Bn5nJB3LfnRQMP40gwrJ01M8o/7iA3+iA066qIhAAAAAAElFTkSuQmCC','bahas nilai',NULL,'2024-09-20 09:55:00',NULL,NULL,'Menunggu konfirmasi',NULL,'8kP9OTkJ9V08cfPhGB7JAnxREkVxvuQt','2024-09-17 12:55:41','2024-09-17 12:55:41'),('KDT_049','1234567890','TM_052',33,'iVBORw0KGgoAAAANSUhEUgAAAD8AAAA/AQMAAABtkYKcAAAABlBMVEX///8AAABVwtN+AAAAAXRSTlMAQObYZgAAAAlwSFlzAAAOxAAADsQBlSsOGwAAAKNJREFUKJF10bENwyAQBdCL6JkgEmvQsZKzgGUWwGOxBhIL2B0Fusu34hSBy1WvQJ/PQSLNpCBMMwr5mjxZBZV9PbwkHWT/QlgHkmW7rxiAPvVbbACm0D0D+hIMh3oocEzmzEZDeTQcu/pMqDG7XfqqYW/PlyBkBkai4NIZeEVZfVkU4O1mC0iegY0ZhFsdEpGgw51YmoLrT5k6KUAfiflT7BdvLh0lQY+ycvoAAAAASUVORK5CYII=','bebas',NULL,'2024-09-18 14:02:00',NULL,NULL,'Menunggu konfirmasi',NULL,'dx8yKnr3G9LraqSkyZrBPgMRzWohJRKE','2024-09-17 13:02:37','2024-09-17 13:02:37'),('KDT_050','198012272014102000','TM_053',13,'iVBORw0KGgoAAAANSUhEUgAAAD8AAAA/AQMAAABtkYKcAAAABlBMVEX///8AAABVwtN+AAAAAXRSTlMAQObYZgAAAAlwSFlzAAAOxAAADsQBlSsOGwAAAKFJREFUKJF10MENwyAMBVBLOeTGBEiswa0zdQGaLOCOlTWQWIDeOCB+TZNLwfHpHSz72wQUtAcazYjka/BkFKTmXfZgHTbcIhodMjlt14oBkifxFWyAFDKdNQB7ARCDguV9VCK3KXA7LPmFNfCamHrbhMS+/npmSMVncVmBXGFfRzQK+u0fqOh/xi0srZF0pK1/bEafzGtPNUHyyBVnsH98AaUODIS5widlAAAAAElFTkSuQmCC','bebas',NULL,'2024-09-24 14:21:00',NULL,NULL,'Menunggu konfirmasi',NULL,'qnC0WbaLVcEzuGQKArc7KDgpth6rmcGA','2024-09-17 13:23:40','2024-09-17 13:23:40'),('KDT_051','198012272014102000','TM_054',13,'iVBORw0KGgoAAAANSUhEUgAAAD8AAAA/AQMAAABtkYKcAAAABlBMVEX///8AAABVwtN+AAAAAXRSTlMAQObYZgAAAAlwSFlzAAAOxAAADsQBlSsOGwAAAJ9JREFUKJF10LENxCAMBVBHKeiYAIk16G6l3ARhAmbKKEgsQEmB8JkjzcX/KNArjPk2MTc/XjxII1NwRyALUEZwFDhhcP2LaQTpvKf7iwckT0l3sAfk+O+t0Td2ljoCV+NT6BaAtpbfF1eATmaPxBGA5e1MCyAnn80dAGsKCJk9n1eJALIun0hqIMiaVaPh49yYhnTmOAfRkDwy+wr2iw9ci/+mdaJbGQAAAABJRU5ErkJggg==','bebas',NULL,'2024-09-17 09:42:00',NULL,NULL,'Menunggu konfirmasi',NULL,'PX3mgk6Besga4CnC08Wcrs4xBs5UEQ34','2024-09-17 13:42:10','2024-09-17 13:42:10'),('KDT_052','198012272014102000','TM_055',13,'iVBORw0KGgoAAAANSUhEUgAAAD8AAAA/AQMAAABtkYKcAAAABlBMVEX///8AAABVwtN+AAAAAXRSTlMAQObYZgAAAAlwSFlzAAAOxAAADsQBlSsOGwAAAJ9JREFUKJF10LENxCAMBdB/SpGOWyASa9BlJSYg3AKsdWsgsQBlCgufUdJcMC7Qa2y+DeaT284NIzLc5h2MgtKcjY7TBHWKJemQyQj3Fw9InpLuYA9IXe8ICs6m3j6C60rGkQY6mD9naQpsBTyWqKC0HZBFFEjlgM0okC3wZoKCfufjW6ICuZgsgjDDaqMOG/vFRsjk/OJFg+QhjyvYP34xNv/Qy5AAGgAAAABJRU5ErkJggg==','bahas nilai',NULL,'2024-09-25 09:00:00',NULL,NULL,'Menunggu konfirmasi',NULL,'yhORAvvqaKUvXtVyZJISm7k2JHotR50f','2024-09-17 14:00:24','2024-09-17 14:00:24'),('KDT_053','198012272014102000','TM_056',13,'iVBORw0KGgoAAAANSUhEUgAAAD8AAAA/AQMAAABtkYKcAAAABlBMVEX///8AAABVwtN+AAAAAXRSTlMAQObYZgAAAAlwSFlzAAAOxAAADsQBlSsOGwAAAKZJREFUKJF10LERhCAQBdB1CMyogJlrg8yWtAHFBrAlMtvYGRowNGDY2xtNxH8bvQA+fyGRs9hBKr3B5J31ZAFy9Tl6iRg8/oUEDE0mup9ooH1yvIs10PkEuqaBHD6vSZPf0APF9o4AynKaTXiGSLIlNwLkVXhKcgDocJdMBdAtXHdKAPjtvkiOAPpj5hj0OgR3O40YZdpNANBkqYOzANqH5/4q9sQXoN4SzDspvu8AAAAASUVORK5CYII=','bebas',NULL,'2024-09-30 09:03:00',NULL,NULL,'Menunggu konfirmasi',NULL,'4kSp9DUSXfMAO3xv2DL7goGs2pneoJQz','2024-09-17 14:03:54','2024-09-17 14:03:54'),('KDT_054','198012272014102000','TM_057',13,'iVBORw0KGgoAAAANSUhEUgAAAD8AAAA/AQMAAABtkYKcAAAABlBMVEX///8AAABVwtN+AAAAAXRSTlMAQObYZgAAAAlwSFlzAAAOxAAADsQBlSsOGwAAAKBJREFUKJF10LENxCAMBVCfUqRjAqSsQZeVYIEcEzBTulvDEgukTIHwmUuagx8X6DXY3yaRc6mrVBrB5Kx3ZABydZacJAw5HtGMoJ2ndI/ooHlyuoN10Fp+74jyEmuoINiN2LhiADgIhV0OgJzaX4kAvK0SNS2AFr9P6wGuLSB09yyfKQK0O2tg/4Q5R4wltouN0M5M8zWig+bhsF/B/vEFGwn9bMP2bVMAAAAASUVORK5CYII=','bebas',NULL,'2024-09-26 13:21:00',NULL,NULL,'Menunggu konfirmasi',NULL,'zq7hhrEeM3mErUaKFHX4Vy6xdWrw6m1h','2024-09-17 14:21:50','2024-09-17 14:21:50'),('KDT_055','198012272014102000','TM_058',13,'iVBORw0KGgoAAAANSUhEUgAAAD8AAAA/AQMAAABtkYKcAAAABlBMVEX///8AAABVwtN+AAAAAXRSTlMAQObYZgAAAAlwSFlzAAAOxAAADsQBlSsOGwAAAKJJREFUKJF90rENAyEMBVBLKehgAUu3Bh0rMUGiLHC3UrqsgeQFrqRAOEaXJse/IIRegT62BanW4pN2mlEothzJA0iPanvFkPUSS8ewZLtzPHGC1SPrt7AT/qwWKnm3dAA7OVS+A7CPur0oA7TspLuRPIEfyjlZFzNslRELYF3c9iQ7gPWuT20eYAxzq1egoNIxOLwbAYxkGw7C+Ak5HaX+4gPfDABvXtz9nQAAAABJRU5ErkJggg==','bahas nilai',NULL,'2024-09-20 13:23:00',NULL,NULL,'Menunggu konfirmasi',NULL,'vmVbvmZu4EAv19N3vwKB69Ii5ZayVrVL','2024-09-17 14:23:54','2024-09-17 14:23:54');
/*!40000 ALTER TABLE `kedatangan_tamu` ENABLE KEYS */;
UNLOCK TABLES;

--
-- Table structure for table `migrations`
--

DROP TABLE IF EXISTS `migrations`;
/*!40101 SET @saved_cs_client     = @@character_set_client */;
/*!50503 SET character_set_client = utf8mb4 */;
CREATE TABLE `migrations` (
  `id` int unsigned NOT NULL AUTO_INCREMENT,
  `migration` varchar(255) NOT NULL,
  `batch` int NOT NULL,
  PRIMARY KEY (`id`)
) ENGINE=InnoDB AUTO_INCREMENT=11 DEFAULT CHARSET=utf8mb4 COLLATE=utf8mb4_0900_ai_ci;
/*!40101 SET character_set_client = @saved_cs_client */;

--
-- Dumping data for table `migrations`
--

LOCK TABLES `migrations` WRITE;
/*!40000 ALTER TABLE `migrations` DISABLE KEYS */;
INSERT INTO `migrations` VALUES (1,'0001_01_01_000000_create_users_table',1),(2,'0001_01_01_000001_create_cache_table',1),(3,'0001_01_01_000002_create_jobs_table',1),(4,'2024_07_04_121358_create_pegawai_table',1),(5,'2024_07_04_121414_create_tamu_table',1),(6,'2024_07_04_121442_create_kedatangan-tamu_table',1),(7,'2024_07_04_123541_create_ekspedisi_table',1),(8,'2024_07_04_124517_create_kedatangan-ekspedisi_table',1),(9,'2024_08_10_075345_add_no_telp_to_ekspedisi',2),(10,'2024_08_19_084622_add_telegram_chat_id_to_users_table',3);
/*!40000 ALTER TABLE `migrations` ENABLE KEYS */;
UNLOCK TABLES;

--
-- Table structure for table `password_reset_tokens`
--

DROP TABLE IF EXISTS `password_reset_tokens`;
/*!40101 SET @saved_cs_client     = @@character_set_client */;
/*!50503 SET character_set_client = utf8mb4 */;
CREATE TABLE `password_reset_tokens` (
  `email` varchar(255) NOT NULL,
  `token` varchar(255) NOT NULL,
  `created_at` timestamp NULL DEFAULT NULL,
  PRIMARY KEY (`email`)
) ENGINE=InnoDB DEFAULT CHARSET=utf8mb4 COLLATE=utf8mb4_0900_ai_ci;
/*!40101 SET character_set_client = @saved_cs_client */;

--
-- Dumping data for table `password_reset_tokens`
--

LOCK TABLES `password_reset_tokens` WRITE;
/*!40000 ALTER TABLE `password_reset_tokens` DISABLE KEYS */;
/*!40000 ALTER TABLE `password_reset_tokens` ENABLE KEYS */;
UNLOCK TABLES;

--
-- Table structure for table `pegawai`
--

DROP TABLE IF EXISTS `pegawai`;
/*!40101 SET @saved_cs_client     = @@character_set_client */;
/*!50503 SET character_set_client = utf8mb4 */;
CREATE TABLE `pegawai` (
  `nip` varchar(255) NOT NULL,
  `id_user` bigint unsigned NOT NULL,
  `no_telp` varchar(255) NOT NULL,
  `ptk` varchar(255) NOT NULL,
  `created_at` timestamp NULL DEFAULT NULL,
  `updated_at` timestamp NULL DEFAULT NULL,
  PRIMARY KEY (`nip`),
  KEY `pegawai_id_user_foreign` (`id_user`),
  CONSTRAINT `pegawai_id_user_foreign` FOREIGN KEY (`id_user`) REFERENCES `users` (`id`) ON DELETE CASCADE
) ENGINE=InnoDB DEFAULT CHARSET=utf8mb4 COLLATE=utf8mb4_0900_ai_ci;
/*!40101 SET character_set_client = @saved_cs_client */;

--
-- Dumping data for table `pegawai`
--

LOCK TABLES `pegawai` WRITE;
/*!40000 ALTER TABLE `pegawai` DISABLE KEYS */;
INSERT INTO `pegawai` VALUES ('1234567890',33,'0892864891','produktif MP','2024-09-14 02:11:27','2024-09-14 02:11:27'),('196508011993031000',31,'09871626789','tendik','2024-08-21 01:40:25','2024-08-21 03:48:25'),('196508231991122001	',17,'02565871919','tendik','2024-08-21 01:42:43','2024-08-21 01:42:43'),('196704131994032004',7,'0899976126517','pendidikan pencasila','2024-08-10 07:27:24','2024-08-10 07:27:24'),('196906301994122000',10,'086543234567','bahasa inggris','2024-08-12 02:13:40','2024-08-12 02:13:40'),('197009121995121000',16,'082156789909','produktif akl','2024-08-21 01:09:15','2024-08-21 01:09:15'),('197507212014101003	',18,'0847836287911','tendik','2024-08-21 01:42:44','2024-08-21 01:42:44'),('197911102014111001	',19,'088635617188','tendik','2024-08-21 01:42:44','2024-08-21 01:42:44'),('198005092014081001	',20,'082135678883','tendik','2024-08-21 01:42:45','2024-08-21 01:42:45'),('198012272014102000',13,'085722621303','produktif rpl','2024-08-19 02:17:44','2024-08-19 02:17:44'),('23523762',34,'09876545356','produktif akl','2024-09-14 02:26:54','2024-09-14 02:26:54');
/*!40000 ALTER TABLE `pegawai` ENABLE KEYS */;
UNLOCK TABLES;

--
-- Table structure for table `sessions`
--

DROP TABLE IF EXISTS `sessions`;
/*!40101 SET @saved_cs_client     = @@character_set_client */;
/*!50503 SET character_set_client = utf8mb4 */;
CREATE TABLE `sessions` (
  `id` varchar(255) NOT NULL,
  `user_id` bigint unsigned DEFAULT NULL,
  `ip_address` varchar(45) DEFAULT NULL,
  `user_agent` text,
  `payload` longtext NOT NULL,
  `last_activity` int NOT NULL,
  PRIMARY KEY (`id`),
  KEY `sessions_user_id_index` (`user_id`),
  KEY `sessions_last_activity_index` (`last_activity`)
) ENGINE=InnoDB DEFAULT CHARSET=utf8mb4 COLLATE=utf8mb4_0900_ai_ci;
/*!40101 SET character_set_client = @saved_cs_client */;

--
-- Dumping data for table `sessions`
--

LOCK TABLES `sessions` WRITE;
/*!40000 ALTER TABLE `sessions` DISABLE KEYS */;
INSERT INTO `sessions` VALUES ('1sE7eOwrlgc7pR8VDLmwUcQ8HqGlBVMZbg1ldQtO',NULL,'127.0.0.1','Mozilla/5.0 (Windows NT 10.0; Win64; x64) AppleWebKit/537.36 (KHTML, like Gecko) Chrome/128.0.0.0 Safari/537.36','YTozOntzOjY6Il90b2tlbiI7czo0MDoiTTRRdmpqN25RUld0aERIaFNUaU84dEJvRGp0N05pMnRBMkFIMTFFVCI7czo5OiJfcHJldmlvdXMiO2E6MTp7czozOiJ1cmwiO3M6MjE6Imh0dHA6Ly8xMjcuMC4wLjE6ODAwMCI7fXM6NjoiX2ZsYXNoIjthOjI6e3M6Mzoib2xkIjthOjA6e31zOjM6Im5ldyI7YTowOnt9fX0=',1726619267);
/*!40000 ALTER TABLE `sessions` ENABLE KEYS */;
UNLOCK TABLES;

--
-- Table structure for table `tamu`
--

DROP TABLE IF EXISTS `tamu`;
/*!40101 SET @saved_cs_client     = @@character_set_client */;
/*!50503 SET character_set_client = utf8mb4 */;
CREATE TABLE `tamu` (
  `id_tamu` varchar(255) NOT NULL,
  `nama` varchar(255) NOT NULL,
  `alamat` varchar(255) NOT NULL,
  `no_telp` varchar(255) NOT NULL,
  `email` varchar(255) NOT NULL,
  `created_at` timestamp NULL DEFAULT NULL,
  `updated_at` timestamp NULL DEFAULT NULL,
  PRIMARY KEY (`id_tamu`)
) ENGINE=InnoDB DEFAULT CHARSET=utf8mb4 COLLATE=utf8mb4_0900_ai_ci;
/*!40101 SET character_set_client = @saved_cs_client */;

--
-- Dumping data for table `tamu`
--

LOCK TABLES `tamu` WRITE;
/*!40000 ALTER TABLE `tamu` DISABLE KEYS */;
INSERT INTO `tamu` VALUES ('TM_001','luthfi','leuweung gede','098711890218','luthfiy1304@gmail.com','2024-08-09 13:46:58','2024-08-09 13:46:58'),('TM_002','ivan','bojong','087756328790','ivan@gmail.com','2024-08-09 14:44:13','2024-08-09 14:44:13'),('TM_003','upi','bojong','098711890218','upi@mail.com','2024-08-10 10:48:40','2024-08-10 10:48:40'),('TM_004','aisyah','leuweung gede','087756328790','aisyah@gmail.com','2024-08-10 15:21:44','2024-08-10 15:21:44'),('TM_005','upi','jalan budi','098711890218','upi@mail.com','2024-08-12 09:39:57','2024-08-12 09:39:57'),('TM_006','irma','irma','098137619819','irma@gmail.com','2024-08-12 09:48:47','2024-08-12 09:48:47'),('TM_007','luthfi','leuweung gede','087642123544','luthfiy1304@gmail.com','2024-08-12 09:53:39','2024-08-12 09:53:39'),('TM_008','eca','tipar','086551361839','eca@gmail.com','2024-08-14 02:34:51','2024-08-14 02:34:51'),('TM_009','budi','jalan budi','098137619819','budi@gmail.com','2024-08-14 07:38:16','2024-08-14 07:38:16'),('TM_010','upi','jalan budi','087756328790','upi@mail.com','2024-08-14 08:08:28','2024-08-14 08:08:28'),('TM_011','luthfi','jalan budi','081222116878','luthfi@gmail.com','2024-08-19 01:57:22','2024-08-19 01:57:22'),('TM_012','ivan','leuweung gede','098137619819','luthf304@gmail.com','2024-08-20 07:46:17','2024-08-20 07:46:17'),('TM_013','nani','jl','098137619819','nani@gmail.com','2024-08-20 08:16:45','2024-08-20 08:16:45'),('TM_014','nani','jalan budi','098137619819','nani@gmail.com','2024-08-20 08:42:40','2024-08-20 08:42:40'),('TM_015','Ahnun','Jalan jalan','087828289918','budiganteng@gmail.com','2024-08-21 06:41:58','2024-08-21 06:41:58'),('TM_016','upi','leuweung gede','087756328790','luthfiy1304@gmail.com','2024-08-26 01:39:55','2024-08-26 01:39:55'),('TM_017','luthfi','leuweung gede','09876542678','luthfiy1304@gmail.com','2024-08-26 04:00:34','2024-08-26 04:00:34'),('TM_018','upi','jalan budi','09876542678','luthfiy1304@gmail.com','2024-08-26 11:48:18','2024-08-26 11:48:18'),('TM_019','ivan','bojong','098711890218','luthfiy1304@gmail.com','2024-08-27 01:19:49','2024-08-27 01:19:49'),('TM_020','upi','jalan budi','085795036846','nluthfiyah13@gmail.com','2024-08-27 01:50:16','2024-08-27 01:50:16'),('TM_021','luthfi','leuweung gede','087756328790','luthfiyahnur1302@gmail.com','2024-08-27 02:05:45','2024-08-27 02:05:45'),('TM_022','ivan','bojong','087756328790','luthfiy1304@gmail.com','2024-08-27 03:27:43','2024-08-27 03:27:43'),('TM_023','upi','jalan budi','098711890218','luthfiy1304@gmail.com','2024-08-27 03:35:15','2024-08-27 03:35:15'),('TM_024','luthfi','bojong','098711890218','najeff14@mail.com','2024-08-27 04:22:37','2024-08-27 04:22:37'),('TM_025','ivan','bojong','098711890218','najeff14@gmail.com','2024-08-27 04:31:12','2024-08-27 04:31:12'),('TM_026','upi','kebon kopi','089656456781','luthfiy1304@gmail.com','2024-09-02 03:39:46','2024-09-02 03:39:46'),('TM_027','mama','n','098711890218','luthfiy1304@gmail.com','2024-09-02 03:49:23','2024-09-02 03:49:23'),('TM_028','upi','leuweung gede','098137619819','nluthfiyah13@gmail.com','2024-09-02 03:51:50','2024-09-02 03:51:50'),('TM_029','nani','bojongsr','098137619819','luthfiyahnur1302@gmail.com','2024-09-02 04:01:49','2024-09-02 04:01:49'),('TM_030','upi','leuweung gede','098137619819','luthfiyahnur1302@gmail.com','2024-09-03 02:19:32','2024-09-03 02:19:32'),('TM_031','luthfi','leuweung gede','087756328790','luthfiyahnur1302@gmail.com','2024-09-03 02:34:44','2024-09-03 02:34:44'),('TM_032','upi','bojong','087756328790','luthfiyahnur1302@mail.com','2024-09-04 00:57:09','2024-09-04 00:57:09'),('TM_033','ivan','leuweung gede','0876421235','luthfiy1304@gmail.com','2024-09-04 01:05:38','2024-09-04 01:05:38'),('TM_034','nur','jalan budi','09876542678','luthfiy1304@gmail.com','2024-09-04 01:11:17','2024-09-04 01:11:17'),('TM_035','ai','bojong','098137619819','luthfiy1304@gmail.com','2024-09-04 01:20:38','2024-09-04 01:20:38'),('TM_036','nani','jalan budi','09876542678','luthfiyahnur1302@gmail.com','2024-09-04 01:25:09','2024-09-04 01:25:09'),('TM_037','luthfi','leuweung gede','0876421235','luthfiyahnur1302@gmail.com','2024-09-04 01:26:26','2024-09-04 01:26:26'),('TM_038','ivan','bojong','087756328790','luthfiyahnur1302@gmail.com','2024-09-04 01:30:01','2024-09-04 01:30:01'),('TM_039','oca','Rancabentang','081210632253','ramadhanioktapiani@gmail.com','2024-09-04 05:17:18','2024-09-04 05:17:18'),('TM_040','luthfi','leuweung gede','087756328790','luthfiy1304@gmail.com','2024-09-10 03:10:41','2024-09-10 03:10:41'),('TM_041','upi','leuweung gede','098137619819','luthfiy1304@gmail.com','2024-09-10 03:33:54','2024-09-10 03:33:54'),('TM_042','nani','leuweung gede','09876542678','nurluthfiyah13@gmail.com','2024-09-11 03:45:44','2024-09-11 03:45:44'),('TM_043','upi','leuweung gede','098137619819','luthfiy1304@gmail.com','2024-09-11 03:50:37','2024-09-11 03:50:37'),('TM_044','ivan','jalan budi','098137619819','upi@mail.com','2024-09-11 04:08:43','2024-09-11 04:08:43'),('TM_045','upi','leuweung gede','098137619819','luthfiy1304@gmail.com','2024-09-11 04:20:06','2024-09-11 04:20:06'),('TM_046','ivan','jalan budi','098137619819','luthfiy1304@gmail.com','2024-09-11 04:25:58','2024-09-11 04:25:58'),('TM_047','eca','tipar','0987328923','nluthfiyah13@gmail.com','2024-09-14 04:01:01','2024-09-14 04:01:01'),('TM_048','eca','tipar','09876545356','nluthfiyah13@gmail.com','2024-09-14 04:03:39','2024-09-14 04:03:39'),('TM_049','hendro','leuweung gede','085795036846','luthfiyahnur1302@gmail.com','2024-09-17 12:17:36','2024-09-17 12:17:36'),('TM_050','upi','alamatt','081253081198','luthfiyahnur1302@gmail.com','2024-09-17 12:18:47','2024-09-17 12:18:47'),('TM_051','upi','leuweung gede','085795036846','najeff14@gmail.com','2024-09-17 12:55:41','2024-09-17 12:55:41'),('TM_052','nama','ala','085795036846','luthfiy1304@gmail.com','2024-09-17 13:02:37','2024-09-17 13:02:37'),('TM_053','upi','ala','085795036846','luthfiyahnur1302@gmail.com','2024-09-17 13:23:40','2024-09-17 13:23:40'),('TM_054','upi','leuweung gede','085795036846','luthfiyahnur1302@gmail.com','2024-09-17 13:42:10','2024-09-17 13:42:10'),('TM_055','nama','alamatt','0892864891','luthfiyahnur1302@gmail.com','2024-09-17 14:00:24','2024-09-17 14:00:24'),('TM_056','doe','ala','0892864891','luthfiy1304@gmail.com','2024-09-17 14:03:54','2024-09-17 14:03:54'),('TM_057','nur','alamatt','09876545356','luthfiyahnur1302@gmail.com','2024-09-17 14:21:50','2024-09-17 14:21:50'),('TM_058','upi','ala','085795036846','luthfiyahnur1302@gmail.com','2024-09-17 14:23:54','2024-09-17 14:23:54');
/*!40000 ALTER TABLE `tamu` ENABLE KEYS */;
UNLOCK TABLES;

--
-- Table structure for table `users`
--

DROP TABLE IF EXISTS `users`;
/*!40101 SET @saved_cs_client     = @@character_set_client */;
/*!50503 SET character_set_client = utf8mb4 */;
CREATE TABLE `users` (
  `id` bigint unsigned NOT NULL AUTO_INCREMENT,
  `name` varchar(255) NOT NULL,
  `email` varchar(255) NOT NULL,
  `email_verified_at` timestamp NULL DEFAULT NULL,
  `password` varchar(255) NOT NULL,
  `role` enum('admin','pegawai','FO') NOT NULL DEFAULT 'pegawai',
  `remember_token` varchar(100) DEFAULT NULL,
  `created_at` timestamp NULL DEFAULT NULL,
  `updated_at` timestamp NULL DEFAULT NULL,
  `telegram_chat_id` varchar(255) DEFAULT NULL,
  PRIMARY KEY (`id`),
  UNIQUE KEY `users_email_unique` (`email`)
) ENGINE=InnoDB AUTO_INCREMENT=35 DEFAULT CHARSET=utf8mb4 COLLATE=utf8mb4_0900_ai_ci;
/*!40101 SET character_set_client = @saved_cs_client */;

--
-- Dumping data for table `users`
--

LOCK TABLES `users` WRITE;
/*!40000 ALTER TABLE `users` DISABLE KEYS */;
INSERT INTO `users` VALUES (1,'admin','admin@mail.com',NULL,'$2y$12$eHDniEqRP7ghNAoqcZU0t.yha0bkP2FDFs6V3XlEM2hUi7MD4gwtW','admin',NULL,'2024-08-06 13:05:53','2024-08-06 13:05:53',NULL),(4,'FO','fo@mail.com',NULL,'$2y$12$aKMRYeDEjWYoYKzFdBY2auCNKHnetYbE84qSwBywgO8/Hujq05pEG','FO',NULL,'2024-08-07 01:47:15','2024-08-07 01:47:15',NULL),(7,'Dra. Lilis Tati Elis','lilis@gmail.com',NULL,'$2y$12$1711NjnvSkpSmJ24L/E2/uwrPblQ.44BOksDLxJZE13ouuDmXYCei','pegawai',NULL,'2024-08-10 07:27:24','2024-08-10 07:27:24',NULL),(10,'Hj. Euis Nursibahhayati, S.Pd','euis@gmail.com',NULL,'$2y$12$m8bdhoLEPj8L3mhrEW4zWeN4LDCbwW7XKUxE.1te7/Z8nUdXhPD0a','pegawai',NULL,'2024-08-12 02:13:40','2024-08-20 06:41:58',NULL),(13,'Ani Nuraeni M.Kom','luthfiy1304@gmail.com',NULL,'$2y$12$mGdN4wCU1xZIleMwgPvydOUuW6eSPw.yxUAnHFhIeEwrZZ3UWA6YG','pegawai','ZYjHOmDPYPl8jVS14h7osYsLR6eCVfhtgoXJQVzWqQ4jUSLYKQ8mXEFBfcja','2024-08-19 02:17:44','2024-09-03 08:15:42',NULL),(16,'Usep Nurjaman, S.Pd, M.Pd','usep@gmail.com',NULL,'$2y$12$8mQpbmQWbmQkhIOdnqzijuOZr7C7rpAqaEh4gkCUSa37qcIc.vHFO','pegawai',NULL,'2024-08-21 01:09:15','2024-08-21 01:09:15',NULL),(17,'Ela Solihat, S.Pd','ela@gmail.com',NULL,'$2y$12$vhUdSlrjGoE.n46wkmt.lujTBHRpwuxNh73F7NxvDc2negbVkk27m','pegawai',NULL,'2024-08-21 01:09:17','2024-08-21 01:42:43',NULL),(18,'Hata, S.Kom','hata@gmail.com',NULL,'$2y$12$TEjSGqOqzMt68Gnd5WIUV.2PjuCYCXYrtKvicSAOnTEVQNEOPomim','pegawai',NULL,'2024-08-21 01:09:18','2024-08-21 01:42:44',NULL),(19,'Kiki Saputra, S.ST','kiki@gmail.com',NULL,'$2y$12$PMOD5DK9Zc.C7lb0B6AV..eXXVU/EA4Axg0J1yKSdpkNNPSTwhgfy','pegawai',NULL,'2024-08-21 01:09:18','2024-08-21 01:42:44',NULL),(20,'Toni Kusmana, S.T	','toni@gmail.com',NULL,'$2y$12$kzMff5npdM90hPYmCqPAl.OcH7gkxNA2QGHIPJ9Knhj2Uh9DfDoqW','pegawai',NULL,'2024-08-21 01:09:19','2024-08-21 01:42:45',NULL),(31,'Asep Rachmat, S.Pd','asep@gmail.com',NULL,'$2y$12$ikF2uQwVgCLLMW6rssU2Uul5z1fqpuI6gwvRGXODxwEhK4wmHlpRC','pegawai',NULL,'2024-08-21 01:40:25','2024-08-27 04:38:15',NULL),(33,'john','nluthfiyah13@gmail.com',NULL,'$2y$12$7So8ZLviPqwIuZFcsZEYoeBTNAYGnnjQJUofWvhzky8W3954lHPTi','pegawai',NULL,'2024-09-14 02:11:27','2024-09-14 02:11:27',NULL),(34,'doe','najeff14@gmailcom',NULL,'$2y$12$dT9LYjqLMskmI9L9fNujH.Lk/7nIdf584ZUalDIKikoJ9fBCfNA02','pegawai',NULL,'2024-09-14 02:26:54','2024-09-14 02:26:54',NULL);
/*!40000 ALTER TABLE `users` ENABLE KEYS */;
UNLOCK TABLES;
/*!40103 SET TIME_ZONE=@OLD_TIME_ZONE */;

/*!40101 SET SQL_MODE=@OLD_SQL_MODE */;
/*!40014 SET FOREIGN_KEY_CHECKS=@OLD_FOREIGN_KEY_CHECKS */;
/*!40014 SET UNIQUE_CHECKS=@OLD_UNIQUE_CHECKS */;
/*!40101 SET CHARACTER_SET_CLIENT=@OLD_CHARACTER_SET_CLIENT */;
/*!40101 SET CHARACTER_SET_RESULTS=@OLD_CHARACTER_SET_RESULTS */;
/*!40101 SET COLLATION_CONNECTION=@OLD_COLLATION_CONNECTION */;
/*!40111 SET SQL_NOTES=@OLD_SQL_NOTES */;

-- Dump completed on 2024-09-18  8:56:08
